<?xml version="1.0"?>
<Runs Version="1" Minor="0">
	<Run Id="hex_processing_system7_0_0_synth_1" LaunchDir="/home/brennan/Documents/pynq-copter/pynqcopter/hex/hex/hex.runs/hex_processing_system7_0_0_synth_1" FlowId="Vivado_Synthesis" FromStepId="vivado" ToStepId="vivado"/>
	<Run Id="hex_plClk_0_synth_1" LaunchDir="/home/brennan/Documents/pynq-copter/pynqcopter/hex/hex/hex.runs/hex_plClk_0_synth_1" FlowId="Vivado_Synthesis" FromStepId="vivado" ToStepId="vivado"/>
	<Run Id="hex_plIntrController_0_synth_1" LaunchDir="/home/brennan/Documents/pynq-copter/pynqcopter/hex/hex/hex.runs/hex_plIntrController_0_synth_1" FlowId="Vivado_Synthesis" FromStepId="vivado" ToStepId="vivado"/>
	<Run Id="hex_ctrlLoopUart_0_synth_1" LaunchDir="/home/brennan/Documents/pynq-copter/pynqcopter/hex/hex/hex.runs/hex_ctrlLoopUart_0_synth_1" FlowId="Vivado_Synthesis" FromStepId="vivado" ToStepId="vivado"/>
	<Run Id="hex_xbar_0_synth_1" LaunchDir="/home/brennan/Documents/pynq-copter/pynqcopter/hex/hex/hex.runs/hex_xbar_0_synth_1" FlowId="Vivado_Synthesis" FromStepId="vivado" ToStepId="vivado"/>
	<Run Id="hex_userResetSlice_0_synth_1" LaunchDir="/home/brennan/Documents/pynq-copter/pynqcopter/hex/hex/hex.runs/hex_userResetSlice_0_synth_1" FlowId="Vivado_Synthesis" FromStepId="vivado" ToStepId="vivado"/>
	<Run Id="hex_userReset_0_synth_1" LaunchDir="/home/brennan/Documents/pynq-copter/pynqcopter/hex/hex/hex.runs/hex_userReset_0_synth_1" FlowId="Vivado_Synthesis" FromStepId="vivado" ToStepId="vivado"/>
	<Run Id="hex_arduinoGpioBreakout_0_synth_1" LaunchDir="/home/brennan/Documents/pynq-copter/pynqcopter/hex/hex/hex.runs/hex_arduinoGpioBreakout_0_synth_1" FlowId="Vivado_Synthesis" FromStepId="vivado" ToStepId="vivado"/>
	<Run Id="hex_auto_pc_0_synth_1" LaunchDir="/home/brennan/Documents/pynq-copter/pynqcopter/hex/hex/hex.runs/hex_auto_pc_0_synth_1" FlowId="Vivado_Synthesis" FromStepId="vivado" ToStepId="vivado"/>
	<Run Id="hex_auto_pc_1_synth_1" LaunchDir="/home/brennan/Documents/pynq-copter/pynqcopter/hex/hex/hex.runs/hex_auto_pc_1_synth_1" FlowId="Vivado_Synthesis" FromStepId="vivado" ToStepId="vivado"/>
	<Run Id="hex_ctrlLoop_0_synth_1" LaunchDir="/home/brennan/Documents/pynq-copter/pynqcopter/hex/hex/hex.runs/hex_ctrlLoop_0_synth_1" FlowId="Vivado_Synthesis" FromStepId="vivado" ToStepId="vivado"/>
	<Run Id="hex_plIrqConcat_0_synth_1" LaunchDir="/home/brennan/Documents/pynq-copter/pynqcopter/hex/hex/hex.runs/hex_plIrqConcat_0_synth_1" FlowId="Vivado_Synthesis" FromStepId="vivado" ToStepId="vivado"/>
	<Run Id="synth_1" LaunchDir="/home/brennan/Documents/pynq-copter/pynqcopter/hex/hex/hex.runs/synth_1" FlowId="Vivado_Synthesis" FromStepId="vivado" ToStepId="vivado">
		<Parent Id="hex_processing_system7_0_0_synth_1"/>
		<Parent Id="hex_plClk_0_synth_1"/>
		<Parent Id="hex_plIntrController_0_synth_1"/>
		<Parent Id="hex_ctrlLoopUart_0_synth_1"/>
		<Parent Id="hex_xbar_0_synth_1"/>
		<Parent Id="hex_userResetSlice_0_synth_1"/>
		<Parent Id="hex_userReset_0_synth_1"/>
		<Parent Id="hex_arduinoGpioBreakout_0_synth_1"/>
		<Parent Id="hex_auto_pc_0_synth_1"/>
		<Parent Id="hex_auto_pc_1_synth_1"/>
		<Parent Id="hex_ctrlLoop_0_synth_1"/>
		<Parent Id="hex_plIrqConcat_0_synth_1"/>
	</Run>
	<Run Id="impl_1" LaunchDir="/home/brennan/Documents/pynq-copter/pynqcopter/hex/hex/hex.runs/impl_1" FlowId="Vivado_Implementation" FromStepId="init_design" ToStepId="write_bitstream">
		<Parent Id="synth_1"/>
		<Parent Id="hex_processing_system7_0_0_synth_1"/>
		<Parent Id="hex_plClk_0_synth_1"/>
		<Parent Id="hex_plIntrController_0_synth_1"/>
		<Parent Id="hex_ctrlLoopUart_0_synth_1"/>
		<Parent Id="hex_xbar_0_synth_1"/>
		<Parent Id="hex_userResetSlice_0_synth_1"/>
		<Parent Id="hex_userReset_0_synth_1"/>
		<Parent Id="hex_arduinoGpioBreakout_0_synth_1"/>
		<Parent Id="hex_auto_pc_0_synth_1"/>
		<Parent Id="hex_auto_pc_1_synth_1"/>
		<Parent Id="hex_ctrlLoop_0_synth_1"/>
		<Parent Id="hex_plIrqConcat_0_synth_1"/>
	</Run>
</Runs>

