{
  "Top": "ctrlloop",
  "RtlTop": "ctrlloop",
  "RtlPrefix": "",
  "SourceLanguage": "cpp",
  "ResetStyle": "control",
  "GenerateBdFiles": "0",
  "HostMachineBits": "64",
  "Target": {
    "Family": "zynq",
    "Device": "xc7z020",
    "Package": "clg400",
    "Speed": "-1"
  },
  "HlsSolution": {
    
  },
  "ClockInfo": {
    "ClockName": "ap_clk",
    "ClockPeriod": "4",
    "IsCombLogic": "0",
    "II": "x",
    "Latency": "100000001",
    "Uncertainty": "0.5"
  },
  "Xdc": {"OocClocks": ["create_clock -name ap_clk -period 4.000 [get_ports ap_clk]"]},
  "Ipx": {
    "Vendor": "UCSD",
    "Library": "hlsip",
    "Name": "ctrlloop",
    "Version": "1.0",
    "DisplayName": "Ctrlloop",
    "Description": "HLS Core: Ctrlloop Function",
    "Taxonomy": "\/VIVADO_HLS_IP"
  },
  "Files": {
    "CSource": [
      "..\/..\/ctrlloop.cpp",
      "..\/..\/main.cpp"
    ],
    "Vhdl": [
      "impl\/vhdl\/ctrlloop_CTRL_s_axi.vhd",
      "impl\/vhdl\/ctrlloop.vhd"
    ],
    "Verilog": [
      "impl\/verilog\/ctrlloop_CTRL_s_axi.v",
      "impl\/verilog\/ctrlloop.v"
    ],
    "SwDriver": [
      "impl\/misc\/drivers\/ctrlloop_v1_0\/data\/ctrlloop.mdd",
      "impl\/misc\/drivers\/ctrlloop_v1_0\/data\/ctrlloop.tcl",
      "impl\/misc\/drivers\/ctrlloop_v1_0\/src\/Makefile",
      "impl\/misc\/drivers\/ctrlloop_v1_0\/src\/xctrlloop.c",
      "impl\/misc\/drivers\/ctrlloop_v1_0\/src\/xctrlloop.h",
      "impl\/misc\/drivers\/ctrlloop_v1_0\/src\/xctrlloop_hw.h",
      "impl\/misc\/drivers\/ctrlloop_v1_0\/src\/xctrlloop_linux.c",
      "impl\/misc\/drivers\/ctrlloop_v1_0\/src\/xctrlloop_sinit.c"
    ],
    "Misc": ["impl\/misc\/logo.png"]
  },
  "SubcoreInfo": {
    "HasXpmMemory": false,
    "HasClockedDsp": false,
    "IP": []
  },
  "Interfaces": {
    "ap_clk": {
      "type": "clock",
      "ctype": {"CLK": {"Type": "bool"}},
      "buses": "s_axi_CTRL m_axi_IOMEM",
      "reset": "ap_rst_n"
    },
    "ap_rst_n": {
      "type": "reset",
      "polarity": "ACTIVE_LOW",
      "ctype": {"RST": {"Type": "bool"}}
    },
    "buttons_V": {
      "type": "data",
      "dir": "in",
      "width": "4",
      "ctype": {"DATA": {
          "Type": "integer unsigned",
          "Width": "4"
        }}
    },
    "interrupt": {
      "type": "interrupt",
      "ctype": {"INTERRUPT": {"Type": "bool"}}
    },
    "interrupt_V": {
      "type": "data",
      "dir": "in",
      "width": "1",
      "ctype": {"DATA": {
          "Type": "integer unsigned",
          "Width": "1"
        }}
    },
    "leds_V": {
      "type": "data",
      "dir": "out",
      "width": "4",
      "ctype": {"DATA": {
          "Type": "integer unsigned",
          "Width": "4"
        }}
    },
    "m_axi_IOMEM": {
      "type": "native_axim",
      "is_adaptor": "true",
      "mode": "master",
      "port_prefix": "m_axi_IOMEM",
      "data_width": "32",
      "param_prefix": "C_M_AXI_IOMEM",
      "ctype": {
        "AWLEN": {
          "Type": "integer unsigned",
          "Width": "8"
        },
        "AWSIZE": {
          "Type": "integer unsigned",
          "Width": "3"
        },
        "AWBURST": {
          "Type": "integer unsigned",
          "Width": "2"
        },
        "AWLOCK": {
          "Type": "integer unsigned",
          "Width": "2"
        },
        "AWREGION": {
          "Type": "integer unsigned",
          "Width": "4"
        },
        "AWCACHE": {
          "Type": "integer unsigned",
          "Width": "4"
        },
        "AWPROT": {
          "Type": "integer unsigned",
          "Width": "3"
        },
        "AWQOS": {
          "Type": "integer unsigned",
          "Width": "4"
        },
        "AWVALID": {"Type": "bool"},
        "AWREADY": {"Type": "bool"},
        "WLAST": {"Type": "bool"},
        "WVALID": {"Type": "bool"},
        "WREADY": {"Type": "bool"},
        "BVALID": {"Type": "bool"},
        "BREADY": {"Type": "bool"},
        "BRESP": {
          "Type": "integer unsigned",
          "Width": "2"
        },
        "ARLEN": {
          "Type": "integer unsigned",
          "Width": "8"
        },
        "ARSIZE": {
          "Type": "integer unsigned",
          "Width": "3"
        },
        "ARBURST": {
          "Type": "integer unsigned",
          "Width": "2"
        },
        "ARLOCK": {
          "Type": "integer unsigned",
          "Width": "2"
        },
        "ARREGION": {
          "Type": "integer unsigned",
          "Width": "4"
        },
        "ARCACHE": {
          "Type": "integer unsigned",
          "Width": "4"
        },
        "ARPROT": {
          "Type": "integer unsigned",
          "Width": "3"
        },
        "ARQOS": {
          "Type": "integer unsigned",
          "Width": "4"
        },
        "ARVALID": {"Type": "bool"},
        "ARREADY": {"Type": "bool"},
        "RLAST": {"Type": "bool"},
        "RVALID": {"Type": "bool"},
        "RREADY": {"Type": "bool"},
        "RRESP": {
          "Type": "integer unsigned",
          "Width": "2"
        },
        "AWADDR": {
          "Type": "integer unsigned",
          "Width": "32"
        },
        "AWID": {
          "Type": "integer unsigned",
          "Width": "1"
        },
        "AWUSER": {
          "Type": "integer unsigned",
          "Width": "1"
        },
        "WDATA": {
          "Type": "integer unsigned",
          "Width": "32"
        },
        "WSTRB": {
          "Type": "integer unsigned",
          "Width": "4"
        },
        "WID": {
          "Type": "integer unsigned",
          "Width": "1"
        },
        "WUSER": {
          "Type": "integer unsigned",
          "Width": "1"
        },
        "ARADDR": {
          "Type": "integer unsigned",
          "Width": "32"
        },
        "ARID": {
          "Type": "integer unsigned",
          "Width": "1"
        },
        "ARUSER": {
          "Type": "integer unsigned",
          "Width": "1"
        },
        "RDATA": {
          "Type": "integer unsigned",
          "Width": "32"
        },
        "RID": {
          "Type": "integer unsigned",
          "Width": "1"
        },
        "RUSER": {
          "Type": "integer unsigned",
          "Width": "1"
        },
        "BID": {
          "Type": "integer unsigned",
          "Width": "1"
        },
        "BUSER": {
          "Type": "integer unsigned",
          "Width": "1"
        }
      },
      "HasOffset": "0",
      "preferred_usage_value": "MEMORY",
      "has_dependant_on": "0",
      "offset_slave_name": "",
      "NUM_READ_OUTSTANDING": "16",
      "NUM_WRITE_OUTSTANDING": "16",
      "MAX_READ_BURST_LENGTH": "16",
      "MAX_WRITE_BURST_LENGTH": "16",
      "port_width": {
        "ARADDR": "32",
        "ARID": "1",
        "ARUSER": "1",
        "AWADDR": "32",
        "AWID": "1",
        "AWUSER": "1",
        "BID": "1",
        "BUSER": "1",
        "RDATA": "32",
        "RID": "1",
        "RUSER": "1",
        "WDATA": "32",
        "WID": "1",
        "WSTRB": "4",
        "WUSER": "1"
      }
    },
    "s_axi_CTRL": {
      "type": "axi4lite",
      "is_adaptor": "true",
      "mode": "slave",
      "port_prefix": "s_axi_CTRL",
      "param_prefix": "C_S_AXI_CTRL",
      "addr_bits": "10",
      "registers": [
        {
          "offset": "0x00",
          "name": "CTRL",
          "access": "RW",
          "reset_value": "0x0",
          "description": "Control signals",
          "fields": [
            {
              "offset": "0",
              "width": "1",
              "name": "AP_START",
              "access": "RW",
              "reset_value": "0",
              "description": "Control signal Register for 'ap_start'."
            },
            {
              "offset": "1",
              "width": "1",
              "name": "AP_DONE",
              "access": "R",
              "reset_value": "0",
              "description": "Control signal Register for 'ap_done'."
            },
            {
              "offset": "2",
              "width": "1",
              "name": "AP_IDLE",
              "access": "R",
              "reset_value": "0",
              "description": "Control signal Register for 'ap_idle'."
            },
            {
              "offset": "3",
              "width": "1",
              "name": "AP_READY",
              "access": "R",
              "reset_value": "0",
              "description": "Control signal Register for 'ap_ready'."
            },
            {
              "offset": "4",
              "width": "3",
              "name": "RESERVED_1",
              "access": "R",
              "reset_value": "0",
              "description": "Reserved.  0s on read."
            },
            {
              "offset": "7",
              "width": "1",
              "name": "AUTO_RESTART",
              "access": "RW",
              "reset_value": "0",
              "description": "Control signal Register for 'auto_restart'."
            },
            {
              "offset": "8",
              "width": "24",
              "name": "RESERVED_2",
              "access": "R",
              "reset_value": "0",
              "description": "Reserved.  0s on read."
            }
          ]
        },
        {
          "offset": "0x04",
          "name": "GIER",
          "access": "RW",
          "reset_value": "0x0",
          "description": "Global Interrupt Enable Register",
          "fields": [
            {
              "offset": "0",
              "width": "1",
              "name": "Enable",
              "access": "RW",
              "reset_value": "0",
              "description": "Master enable for the device interrupt output to the system interrupt controller: 0 = Disabled, 1 = Enabled"
            },
            {
              "offset": "1",
              "width": "31",
              "name": "RESERVED",
              "access": "R",
              "reset_value": "0",
              "description": "Reserved.  0s on read."
            }
          ]
        },
        {
          "offset": "0x08",
          "name": "IP_IER",
          "access": "RW",
          "reset_value": "0x0",
          "description": "IP Interrupt Enable Register",
          "fields": [
            {
              "offset": "0",
              "width": "1",
              "name": "CHAN0_INT_EN",
              "access": "RW",
              "reset_value": "0",
              "description": "Enable Channel 0 (ap_done) Interrupt.  0 = Disabled, 1 = Enabled."
            },
            {
              "offset": "1",
              "width": "1",
              "name": "CHAN1_INT_EN",
              "access": "RW",
              "reset_value": "0",
              "description": "Enable Channel 1 (ap_ready) Interrupt.  0 = Disabled, 1 = Enabled."
            },
            {
              "offset": "2",
              "width": "30",
              "name": "RESERVED",
              "access": "R",
              "reset_value": "0",
              "description": "Reserved.  0s on read."
            }
          ]
        },
        {
          "offset": "0x0c",
          "name": "IP_ISR",
          "access": "RW",
          "reset_value": "0x0",
          "description": "IP Interrupt Status Register",
          "fields": [
            {
              "offset": "0",
              "width": "1",
              "name": "CHAN0_INT_ST",
              "access": "RTOW",
              "reset_value": "0",
              "description": "Channel 0 (ap_done) Interrupt Status. 0 = No Channel 0 input interrupt, 1 = Channel 0 input interrup"
            },
            {
              "offset": "1",
              "width": "1",
              "name": "CHAN1_INT_ST",
              "access": "RTOW",
              "reset_value": "0",
              "description": "Channel 1 (ap_ready) Interrupt Status. 0 = No Channel 1 input interrupt, 1 = Channel 1 input interrup"
            },
            {
              "offset": "2",
              "width": "30",
              "name": "RESERVED",
              "access": "R",
              "reset_value": "0",
              "description": "Reserved.  0s on read."
            }
          ]
        }
      ],
      "memories": "regs_V {base_address 512 range 512}",
      "ctype": {
        "AWVALID": {"Type": "bool"},
        "AWREADY": {"Type": "bool"},
        "WVALID": {"Type": "bool"},
        "WREADY": {"Type": "bool"},
        "BVALID": {"Type": "bool"},
        "BREADY": {"Type": "bool"},
        "BRESP": {
          "Type": "integer unsigned",
          "Width": "2"
        },
        "ARVALID": {"Type": "bool"},
        "ARREADY": {"Type": "bool"},
        "RVALID": {"Type": "bool"},
        "RREADY": {"Type": "bool"},
        "RRESP": {
          "Type": "integer unsigned",
          "Width": "2"
        },
        "AWADDR": {
          "Type": "integer unsigned",
          "Width": "10"
        },
        "WDATA": {
          "Type": "integer unsigned",
          "Width": "32"
        },
        "WSTRB": {
          "Type": "integer unsigned",
          "Width": "4"
        },
        "ARADDR": {
          "Type": "integer unsigned",
          "Width": "10"
        },
        "RDATA": {
          "Type": "integer unsigned",
          "Width": "32"
        }
      },
      "data_width": "32",
      "port_width": {
        "ARADDR": "10",
        "AWADDR": "10",
        "RDATA": "32",
        "WDATA": "32",
        "WSTRB": "4"
      }
    }
  },
  "RtlPorts": {
    "s_axi_CTRL_AWVALID": {
      "dir": "in",
      "width": "1"
    },
    "s_axi_CTRL_AWREADY": {
      "dir": "out",
      "width": "1"
    },
    "s_axi_CTRL_AWADDR": {
      "dir": "in",
      "width": "10"
    },
    "s_axi_CTRL_WVALID": {
      "dir": "in",
      "width": "1"
    },
    "s_axi_CTRL_WREADY": {
      "dir": "out",
      "width": "1"
    },
    "s_axi_CTRL_WDATA": {
      "dir": "in",
      "width": "32"
    },
    "s_axi_CTRL_WSTRB": {
      "dir": "in",
      "width": "4"
    },
    "s_axi_CTRL_ARVALID": {
      "dir": "in",
      "width": "1"
    },
    "s_axi_CTRL_ARREADY": {
      "dir": "out",
      "width": "1"
    },
    "s_axi_CTRL_ARADDR": {
      "dir": "in",
      "width": "10"
    },
    "s_axi_CTRL_RVALID": {
      "dir": "out",
      "width": "1"
    },
    "s_axi_CTRL_RREADY": {
      "dir": "in",
      "width": "1"
    },
    "s_axi_CTRL_RDATA": {
      "dir": "out",
      "width": "32"
    },
    "s_axi_CTRL_RRESP": {
      "dir": "out",
      "width": "2"
    },
    "s_axi_CTRL_BVALID": {
      "dir": "out",
      "width": "1"
    },
    "s_axi_CTRL_BREADY": {
      "dir": "in",
      "width": "1"
    },
    "s_axi_CTRL_BRESP": {
      "dir": "out",
      "width": "2"
    },
    "ap_clk": {
      "dir": "in",
      "width": "1"
    },
    "ap_rst_n": {
      "dir": "in",
      "width": "1"
    },
    "interrupt": {
      "dir": "out",
      "width": "1",
      "isVector": "true"
    },
    "m_axi_IOMEM_AWVALID": {
      "dir": "out",
      "width": "1"
    },
    "m_axi_IOMEM_AWREADY": {
      "dir": "in",
      "width": "1"
    },
    "m_axi_IOMEM_AWADDR": {
      "dir": "out",
      "width": "32"
    },
    "m_axi_IOMEM_AWID": {
      "dir": "out",
      "width": "1",
      "isVector": "true"
    },
    "m_axi_IOMEM_AWLEN": {
      "dir": "out",
      "width": "8"
    },
    "m_axi_IOMEM_AWSIZE": {
      "dir": "out",
      "width": "3"
    },
    "m_axi_IOMEM_AWBURST": {
      "dir": "out",
      "width": "2"
    },
    "m_axi_IOMEM_AWLOCK": {
      "dir": "out",
      "width": "2"
    },
    "m_axi_IOMEM_AWCACHE": {
      "dir": "out",
      "width": "4"
    },
    "m_axi_IOMEM_AWPROT": {
      "dir": "out",
      "width": "3"
    },
    "m_axi_IOMEM_AWQOS": {
      "dir": "out",
      "width": "4"
    },
    "m_axi_IOMEM_AWREGION": {
      "dir": "out",
      "width": "4"
    },
    "m_axi_IOMEM_AWUSER": {
      "dir": "out",
      "width": "1",
      "isVector": "true"
    },
    "m_axi_IOMEM_WVALID": {
      "dir": "out",
      "width": "1"
    },
    "m_axi_IOMEM_WREADY": {
      "dir": "in",
      "width": "1"
    },
    "m_axi_IOMEM_WDATA": {
      "dir": "out",
      "width": "32"
    },
    "m_axi_IOMEM_WSTRB": {
      "dir": "out",
      "width": "4"
    },
    "m_axi_IOMEM_WLAST": {
      "dir": "out",
      "width": "1"
    },
    "m_axi_IOMEM_WID": {
      "dir": "out",
      "width": "1",
      "isVector": "true"
    },
    "m_axi_IOMEM_WUSER": {
      "dir": "out",
      "width": "1",
      "isVector": "true"
    },
    "m_axi_IOMEM_ARVALID": {
      "dir": "out",
      "width": "1"
    },
    "m_axi_IOMEM_ARREADY": {
      "dir": "in",
      "width": "1"
    },
    "m_axi_IOMEM_ARADDR": {
      "dir": "out",
      "width": "32"
    },
    "m_axi_IOMEM_ARID": {
      "dir": "out",
      "width": "1",
      "isVector": "true"
    },
    "m_axi_IOMEM_ARLEN": {
      "dir": "out",
      "width": "8"
    },
    "m_axi_IOMEM_ARSIZE": {
      "dir": "out",
      "width": "3"
    },
    "m_axi_IOMEM_ARBURST": {
      "dir": "out",
      "width": "2"
    },
    "m_axi_IOMEM_ARLOCK": {
      "dir": "out",
      "width": "2"
    },
    "m_axi_IOMEM_ARCACHE": {
      "dir": "out",
      "width": "4"
    },
    "m_axi_IOMEM_ARPROT": {
      "dir": "out",
      "width": "3"
    },
    "m_axi_IOMEM_ARQOS": {
      "dir": "out",
      "width": "4"
    },
    "m_axi_IOMEM_ARREGION": {
      "dir": "out",
      "width": "4"
    },
    "m_axi_IOMEM_ARUSER": {
      "dir": "out",
      "width": "1",
      "isVector": "true"
    },
    "m_axi_IOMEM_RVALID": {
      "dir": "in",
      "width": "1"
    },
    "m_axi_IOMEM_RREADY": {
      "dir": "out",
      "width": "1"
    },
    "m_axi_IOMEM_RDATA": {
      "dir": "in",
      "width": "32"
    },
    "m_axi_IOMEM_RLAST": {
      "dir": "in",
      "width": "1"
    },
    "m_axi_IOMEM_RID": {
      "dir": "in",
      "width": "1",
      "isVector": "true"
    },
    "m_axi_IOMEM_RUSER": {
      "dir": "in",
      "width": "1",
      "isVector": "true"
    },
    "m_axi_IOMEM_RRESP": {
      "dir": "in",
      "width": "2"
    },
    "m_axi_IOMEM_BVALID": {
      "dir": "in",
      "width": "1"
    },
    "m_axi_IOMEM_BREADY": {
      "dir": "out",
      "width": "1"
    },
    "m_axi_IOMEM_BRESP": {
      "dir": "in",
      "width": "2"
    },
    "m_axi_IOMEM_BID": {
      "dir": "in",
      "width": "1",
      "isVector": "true"
    },
    "m_axi_IOMEM_BUSER": {
      "dir": "in",
      "width": "1",
      "isVector": "true"
    },
    "buttons_V": {
      "dir": "in",
      "width": "4"
    },
    "interrupt_V": {
      "dir": "in",
      "width": "1",
      "isVector": "true"
    },
    "leds_V": {
      "dir": "out",
      "width": "4"
    }
  },
  "CPorts": {
    "regs_V": {
      "interfaceRef": "s_axi_CTRL",
      "dir": "out",
      "offset": "512",
      "statusOffset": "NA",
      "Object": "CTRL",
      "firstOutLatency": "0"
    },
    "ap_ctrl": {
      "interfaceRef": "s_axi_CTRL",
      "dir": "in",
      "offset": "0"
    },
    "IOMEM": {
      "interfaceRef": "m_axi_IOMEM",
      "dir": "inout"
    },
    "buttons_V": {
      "interfaceRef": "buttons_V",
      "dir": "in",
      "dataWidth": "4",
      "handshakeRef": "ap_none"
    },
    "interrupt_V": {
      "interfaceRef": "interrupt_V",
      "dir": "in",
      "dataWidth": "1",
      "handshakeRef": "ap_none"
    },
    "leds_V": {
      "interfaceRef": "leds_V",
      "dir": "out",
      "dataWidth": "4",
      "handshakeRef": "ap_none",
      "firstOutLatency": "0"
    }
  },
  "ModuleInfo": {
    "Hierarchy": {"ModuleName": "ctrlloop"},
    "Metrics": {"ctrlloop": {
        "Latency": {
          "LatencyBest": "100000001",
          "LatencyAvg": "100000001",
          "LatencyWorst": "100000001",
          "PipelineII": "100000002",
          "PipelineDepth": "",
          "PipelineType": "none"
        },
        "Timing": {
          "Target": "4.00",
          "Uncertainty": "0.50",
          "Estimate": "2.46"
        },
        "Loops": [{
            "Name": "Loop 1",
            "TripCount": "100000000",
            "Latency": "100000000",
            "PipelineII": "",
            "PipelineDepth": "1"
          }],
        "Area": {
          "BRAM_18K": "2",
          "FF": "153",
          "LUT": "208",
          "DSP48E": "0"
        }
      }}
  },
  "GenData": {
    "DataVersion": "0.1",
    "Time": "2018-07-18 09:43:14 EDT",
    "ToolName": "vivado_hls",
    "ToolVersion": "2017.4"
  }
}
