<?xml version="1.0" encoding="utf-8"?>
<Messages>
	<Message prefix="[HLS 200-10]" severity="INFO" keynum="HLS_10_1312" content="Analyzing design file &apos;ctrlloop.cpp&apos; ..." tag=""/>
	<Message prefix="[HLS 200-10]" severity="INFO" keynum="HLS_10_1312" content="Analyzing design file &apos;main.cpp&apos; ..." tag=""/>
	<Message prefix="[HLS 200-10]" severity="INFO" keynum="HLS_10_1465" content="Validating synthesis directives ..." tag=""/>
	<Message prefix="[HLS 200-111]" severity="INFO" keynum="473" content="Finished Checking Pragmas Time (s): cpu = 00:00:59 ; elapsed = 00:00:44 . Memory (MB): peak = 359.941 ; gain = 13.375 ; free physical = 1042 ; free virtual = 12077" tag=""/>
	<Message prefix="[HLS 200-111]" severity="INFO" keynum="473" content="Finished Linking Time (s): cpu = 00:01:00 ; elapsed = 00:00:45 . Memory (MB): peak = 359.941 ; gain = 13.375 ; free physical = 1020 ; free virtual = 12077" tag=""/>
	<Message prefix="[HLS 200-10]" severity="INFO" keynum="HLS_10_1467" content="Starting code transformations ..." tag=""/>
	<Message prefix="[XFORM 203-603]" severity="INFO" keynum="792" content="Inlining function &apos;delay_until_ms&lt;1000ull, 100000000ull&gt;&apos; into &apos;ctrlloop&apos; (ctrlloop.cpp:92)." tag=""/>
	<Message prefix="[HLS 200-111]" severity="INFO" keynum="473" content="Finished Standard Transforms Time (s): cpu = 00:01:01 ; elapsed = 00:00:47 . Memory (MB): peak = 360.387 ; gain = 13.820 ; free physical = 1002 ; free virtual = 12064" tag=""/>
	<Message prefix="[HLS 200-10]" severity="INFO" keynum="HLS_10_1472" content="Checking synthesizability ..." tag=""/>
	<Message prefix="[HLS 200-111]" severity="INFO" keynum="473" content="Finished Checking Synthesizability Time (s): cpu = 00:01:01 ; elapsed = 00:00:47 . Memory (MB): peak = 488.188 ; gain = 141.621 ; free physical = 995 ; free virtual = 12059" tag=""/>
	<Message prefix="[HLS 200-111]" severity="INFO" keynum="473" content="Finished Pre-synthesis Time (s): cpu = 00:01:02 ; elapsed = 00:00:48 . Memory (MB): peak = 488.188 ; gain = 141.621 ; free physical = 964 ; free virtual = 12031" tag=""/>
	<Message prefix="[XFORM 203-803]" severity="WARNING" keynum="899" content="Cannot bundle argument &apos;iomem.V&apos; to m_axi port &apos;IOMEM&apos; since its offset mode is off." tag=""/>
	<Message prefix="[HLS 200-111]" severity="INFO" keynum="473" content="Finished Architecture Synthesis Time (s): cpu = 00:01:02 ; elapsed = 00:00:48 . Memory (MB): peak = 488.188 ; gain = 141.621 ; free physical = 953 ; free virtual = 12028" tag=""/>
	<Message prefix="[HLS 200-10]" severity="INFO" keynum="HLS_10_1317" content="Starting hardware synthesis ..." tag=""/>
	<Message prefix="[HLS 200-10]" severity="INFO" keynum="HLS_10_1385" content="Synthesizing &apos;ctrlloop&apos; ..." tag=""/>
	<Message prefix="[HLS 200-10]" severity="INFO" keynum="HLS_10_1477" content="----------------------------------------------------------------" tag=""/>
	<Message prefix="[HLS 200-42]" severity="INFO" keynum="HLS_42_1438" content="-- Implementing module &apos;ctrlloop&apos;" tag=""/>
	<Message prefix="[HLS 200-10]" severity="INFO" keynum="HLS_10_1478" content="----------------------------------------------------------------" tag=""/>
	<Message prefix="[SCHED 204-11]" severity="INFO" keynum="139" content="Starting scheduling ..." tag=""/>
	<Message prefix="[SCHED 204-11]" severity="INFO" keynum="138" content="Finished scheduling." tag=""/>
	<Message prefix="[HLS 200-111]" severity="INFO" keynum="474" content=" Elapsed time: 48.37 seconds; current allocated memory: 86.097 MB." tag=""/>
	<Message prefix="[BIND 205-100]" severity="INFO" keynum="439" content="Starting micro-architecture generation ..." tag=""/>
	<Message prefix="[BIND 205-101]" severity="INFO" keynum="211" content="Performing variable lifetime analysis." tag=""/>
	<Message prefix="[BIND 205-101]" severity="INFO" keynum="210" content="Exploring resource sharing." tag=""/>
	<Message prefix="[BIND 205-101]" severity="INFO" keynum="206" content="Binding ..." tag=""/>
	<Message prefix="[BIND 205-100]" severity="INFO" keynum="438" content="Finished micro-architecture generation." tag=""/>
	<Message prefix="[HLS 200-111]" severity="INFO" keynum="474" content=" Elapsed time: 0.04 seconds; current allocated memory: 86.266 MB." tag=""/>
	<Message prefix="[HLS 200-10]" severity="INFO" keynum="HLS_10_1483" content="----------------------------------------------------------------" tag=""/>
	<Message prefix="[HLS 200-10]" severity="INFO" keynum="HLS_10_1484" content="-- Generating RTL for module &apos;ctrlloop&apos;" tag=""/>
	<Message prefix="[HLS 200-10]" severity="INFO" keynum="HLS_10_1485" content="----------------------------------------------------------------" tag=""/>
	<Message prefix="[RTGEN 206-500]" severity="INFO" keynum="73" content="Setting interface mode on port &apos;ctrlloop/IOMEM&apos; to &apos;m_axi&apos;." tag=""/>
	<Message prefix="[RTGEN 206-500]" severity="INFO" keynum="73" content="Setting interface mode on port &apos;ctrlloop/regs_V&apos; to &apos;s_axilite &amp; ap_memory&apos;." tag=""/>
	<Message prefix="[RTGEN 206-500]" severity="INFO" keynum="73" content="Setting interface mode on port &apos;ctrlloop/buttons_V&apos; to &apos;ap_none&apos;." tag=""/>
	<Message prefix="[RTGEN 206-500]" severity="INFO" keynum="73" content="Setting interface mode on port &apos;ctrlloop/interrupt_V&apos; to &apos;ap_none&apos;." tag=""/>
	<Message prefix="[RTGEN 206-500]" severity="INFO" keynum="73" content="Setting interface mode on port &apos;ctrlloop/leds_V&apos; to &apos;ap_none&apos;." tag=""/>
	<Message prefix="[RTGEN 206-101]" severity="WARNING" keynum="384" content="Port &apos;leds_V&apos; with mode &apos;ap_none&apos; may require an associated data valid signal to correctly communicate with other blocks or a test bench; automatic C/RTL co-simulation may not be able to verify such a port." tag=""/>
	<Message prefix="[RTGEN 206-500]" severity="INFO" keynum="73" content="Setting interface mode on function &apos;ctrlloop&apos; to &apos;s_axilite &amp; ap_ctrl_hs&apos;." tag=""/>
	<Message prefix="[RTGEN 206-101]" severity="WARNING" keynum="374" content="Register &apos;led_state_V&apos; is power-on initialization." tag=""/>
	<Message prefix="[RTGEN 206-100]" severity="INFO" keynum="364" content="Bundling port &apos;return&apos; and &apos;regs_V&apos; to AXI-Lite port CTRL." tag=""/>
	<Message prefix="[RTGEN 206-101]" severity="WARNING" keynum="251" content="Port &apos;ctrlloop/m_axi_IOMEM_AWVALID&apos; has no fanin or fanout and is left dangling.
               Please use C simulation to confirm this function argument can be read from or written to." tag=""/>
	<Message prefix="[RTGEN 206-101]" severity="WARNING" keynum="252" content="Setting dangling out port &apos;ctrlloop/m_axi_IOMEM_AWVALID&apos; to 0." tag=""/>
	<Message prefix="[RTGEN 206-101]" severity="WARNING" keynum="251" content="Port &apos;ctrlloop/m_axi_IOMEM_AWREADY&apos; has no fanin or fanout and is left dangling.
               Please use C simulation to confirm this function argument can be read from or written to." tag=""/>
	<Message prefix="[RTGEN 206-101]" severity="WARNING" keynum="251" content="Port &apos;ctrlloop/m_axi_IOMEM_AWADDR&apos; has no fanin or fanout and is left dangling.
               Please use C simulation to confirm this function argument can be read from or written to." tag=""/>
	<Message prefix="[RTGEN 206-101]" severity="WARNING" keynum="252" content="Setting dangling out port &apos;ctrlloop/m_axi_IOMEM_AWADDR&apos; to 0." tag=""/>
	<Message prefix="[RTGEN 206-101]" severity="WARNING" keynum="251" content="Port &apos;ctrlloop/m_axi_IOMEM_AWID&apos; has no fanin or fanout and is left dangling.
               Please use C simulation to confirm this function argument can be read from or written to." tag=""/>
	<Message prefix="[RTGEN 206-101]" severity="WARNING" keynum="252" content="Setting dangling out port &apos;ctrlloop/m_axi_IOMEM_AWID&apos; to 0." tag=""/>
	<Message prefix="[RTGEN 206-101]" severity="WARNING" keynum="251" content="Port &apos;ctrlloop/m_axi_IOMEM_AWLEN&apos; has no fanin or fanout and is left dangling.
               Please use C simulation to confirm this function argument can be read from or written to." tag=""/>
	<Message prefix="[RTGEN 206-101]" severity="WARNING" keynum="252" content="Setting dangling out port &apos;ctrlloop/m_axi_IOMEM_AWLEN&apos; to 0." tag=""/>
	<Message prefix="[RTGEN 206-101]" severity="WARNING" keynum="251" content="Port &apos;ctrlloop/m_axi_IOMEM_AWSIZE&apos; has no fanin or fanout and is left dangling.
               Please use C simulation to confirm this function argument can be read from or written to." tag=""/>
	<Message prefix="[RTGEN 206-101]" severity="WARNING" keynum="252" content="Setting dangling out port &apos;ctrlloop/m_axi_IOMEM_AWSIZE&apos; to 0." tag=""/>
	<Message prefix="[RTGEN 206-101]" severity="WARNING" keynum="251" content="Port &apos;ctrlloop/m_axi_IOMEM_AWBURST&apos; has no fanin or fanout and is left dangling.
               Please use C simulation to confirm this function argument can be read from or written to." tag=""/>
	<Message prefix="[RTGEN 206-101]" severity="WARNING" keynum="252" content="Setting dangling out port &apos;ctrlloop/m_axi_IOMEM_AWBURST&apos; to 0." tag=""/>
	<Message prefix="[RTGEN 206-101]" severity="WARNING" keynum="251" content="Port &apos;ctrlloop/m_axi_IOMEM_AWLOCK&apos; has no fanin or fanout and is left dangling.
               Please use C simulation to confirm this function argument can be read from or written to." tag=""/>
	<Message prefix="[RTGEN 206-101]" severity="WARNING" keynum="252" content="Setting dangling out port &apos;ctrlloop/m_axi_IOMEM_AWLOCK&apos; to 0." tag=""/>
	<Message prefix="[RTGEN 206-101]" severity="WARNING" keynum="251" content="Port &apos;ctrlloop/m_axi_IOMEM_AWCACHE&apos; has no fanin or fanout and is left dangling.
               Please use C simulation to confirm this function argument can be read from or written to." tag=""/>
	<Message prefix="[RTGEN 206-101]" severity="WARNING" keynum="252" content="Setting dangling out port &apos;ctrlloop/m_axi_IOMEM_AWCACHE&apos; to 0." tag=""/>
	<Message prefix="[RTGEN 206-101]" severity="WARNING" keynum="251" content="Port &apos;ctrlloop/m_axi_IOMEM_AWPROT&apos; has no fanin or fanout and is left dangling.
               Please use C simulation to confirm this function argument can be read from or written to." tag=""/>
	<Message prefix="[RTGEN 206-101]" severity="WARNING" keynum="252" content="Setting dangling out port &apos;ctrlloop/m_axi_IOMEM_AWPROT&apos; to 0." tag=""/>
	<Message prefix="[RTGEN 206-101]" severity="WARNING" keynum="251" content="Port &apos;ctrlloop/m_axi_IOMEM_AWQOS&apos; has no fanin or fanout and is left dangling.
               Please use C simulation to confirm this function argument can be read from or written to." tag=""/>
	<Message prefix="[RTGEN 206-101]" severity="WARNING" keynum="252" content="Setting dangling out port &apos;ctrlloop/m_axi_IOMEM_AWQOS&apos; to 0." tag=""/>
	<Message prefix="[RTGEN 206-101]" severity="WARNING" keynum="251" content="Port &apos;ctrlloop/m_axi_IOMEM_AWREGION&apos; has no fanin or fanout and is left dangling.
               Please use C simulation to confirm this function argument can be read from or written to." tag=""/>
	<Message prefix="[RTGEN 206-101]" severity="WARNING" keynum="252" content="Setting dangling out port &apos;ctrlloop/m_axi_IOMEM_AWREGION&apos; to 0." tag=""/>
	<Message prefix="[RTGEN 206-101]" severity="WARNING" keynum="251" content="Port &apos;ctrlloop/m_axi_IOMEM_AWUSER&apos; has no fanin or fanout and is left dangling.
               Please use C simulation to confirm this function argument can be read from or written to." tag=""/>
	<Message prefix="[RTGEN 206-101]" severity="WARNING" keynum="252" content="Setting dangling out port &apos;ctrlloop/m_axi_IOMEM_AWUSER&apos; to 0." tag=""/>
	<Message prefix="[RTGEN 206-101]" severity="WARNING" keynum="251" content="Port &apos;ctrlloop/m_axi_IOMEM_WVALID&apos; has no fanin or fanout and is left dangling.
               Please use C simulation to confirm this function argument can be read from or written to." tag=""/>
	<Message prefix="[RTGEN 206-101]" severity="WARNING" keynum="252" content="Setting dangling out port &apos;ctrlloop/m_axi_IOMEM_WVALID&apos; to 0." tag=""/>
	<Message prefix="[RTGEN 206-101]" severity="WARNING" keynum="251" content="Port &apos;ctrlloop/m_axi_IOMEM_WREADY&apos; has no fanin or fanout and is left dangling.
               Please use C simulation to confirm this function argument can be read from or written to." tag=""/>
	<Message prefix="[RTGEN 206-101]" severity="WARNING" keynum="251" content="Port &apos;ctrlloop/m_axi_IOMEM_WDATA&apos; has no fanin or fanout and is left dangling.
               Please use C simulation to confirm this function argument can be read from or written to." tag=""/>
	<Message prefix="[RTGEN 206-101]" severity="WARNING" keynum="252" content="Setting dangling out port &apos;ctrlloop/m_axi_IOMEM_WDATA&apos; to 0." tag=""/>
	<Message prefix="[RTGEN 206-101]" severity="WARNING" keynum="251" content="Port &apos;ctrlloop/m_axi_IOMEM_WSTRB&apos; has no fanin or fanout and is left dangling.
               Please use C simulation to confirm this function argument can be read from or written to." tag=""/>
	<Message prefix="[RTGEN 206-101]" severity="WARNING" keynum="252" content="Setting dangling out port &apos;ctrlloop/m_axi_IOMEM_WSTRB&apos; to 0." tag=""/>
	<Message prefix="[RTGEN 206-101]" severity="WARNING" keynum="251" content="Port &apos;ctrlloop/m_axi_IOMEM_WLAST&apos; has no fanin or fanout and is left dangling.
               Please use C simulation to confirm this function argument can be read from or written to." tag=""/>
	<Message prefix="[RTGEN 206-101]" severity="WARNING" keynum="252" content="Setting dangling out port &apos;ctrlloop/m_axi_IOMEM_WLAST&apos; to 0." tag=""/>
	<Message prefix="[RTGEN 206-101]" severity="WARNING" keynum="251" content="Port &apos;ctrlloop/m_axi_IOMEM_WID&apos; has no fanin or fanout and is left dangling.
               Please use C simulation to confirm this function argument can be read from or written to." tag=""/>
	<Message prefix="[RTGEN 206-101]" severity="WARNING" keynum="252" content="Setting dangling out port &apos;ctrlloop/m_axi_IOMEM_WID&apos; to 0." tag=""/>
	<Message prefix="[RTGEN 206-101]" severity="WARNING" keynum="251" content="Port &apos;ctrlloop/m_axi_IOMEM_WUSER&apos; has no fanin or fanout and is left dangling.
               Please use C simulation to confirm this function argument can be read from or written to." tag=""/>
	<Message prefix="[RTGEN 206-101]" severity="WARNING" keynum="252" content="Setting dangling out port &apos;ctrlloop/m_axi_IOMEM_WUSER&apos; to 0." tag=""/>
	<Message prefix="[RTGEN 206-101]" severity="WARNING" keynum="251" content="Port &apos;ctrlloop/m_axi_IOMEM_ARVALID&apos; has no fanin or fanout and is left dangling.
               Please use C simulation to confirm this function argument can be read from or written to." tag=""/>
	<Message prefix="[RTGEN 206-101]" severity="WARNING" keynum="252" content="Setting dangling out port &apos;ctrlloop/m_axi_IOMEM_ARVALID&apos; to 0." tag=""/>
	<Message prefix="[RTGEN 206-101]" severity="WARNING" keynum="251" content="Port &apos;ctrlloop/m_axi_IOMEM_ARREADY&apos; has no fanin or fanout and is left dangling.
               Please use C simulation to confirm this function argument can be read from or written to." tag=""/>
	<Message prefix="[RTGEN 206-101]" severity="WARNING" keynum="251" content="Port &apos;ctrlloop/m_axi_IOMEM_ARADDR&apos; has no fanin or fanout and is left dangling.
               Please use C simulation to confirm this function argument can be read from or written to." tag=""/>
	<Message prefix="[RTGEN 206-101]" severity="WARNING" keynum="252" content="Setting dangling out port &apos;ctrlloop/m_axi_IOMEM_ARADDR&apos; to 0." tag=""/>
	<Message prefix="[RTGEN 206-101]" severity="WARNING" keynum="251" content="Port &apos;ctrlloop/m_axi_IOMEM_ARID&apos; has no fanin or fanout and is left dangling.
               Please use C simulation to confirm this function argument can be read from or written to." tag=""/>
	<Message prefix="[RTGEN 206-101]" severity="WARNING" keynum="252" content="Setting dangling out port &apos;ctrlloop/m_axi_IOMEM_ARID&apos; to 0." tag=""/>
	<Message prefix="[RTGEN 206-101]" severity="WARNING" keynum="251" content="Port &apos;ctrlloop/m_axi_IOMEM_ARLEN&apos; has no fanin or fanout and is left dangling.
               Please use C simulation to confirm this function argument can be read from or written to." tag=""/>
	<Message prefix="[RTGEN 206-101]" severity="WARNING" keynum="252" content="Setting dangling out port &apos;ctrlloop/m_axi_IOMEM_ARLEN&apos; to 0." tag=""/>
	<Message prefix="[RTGEN 206-101]" severity="WARNING" keynum="251" content="Port &apos;ctrlloop/m_axi_IOMEM_ARSIZE&apos; has no fanin or fanout and is left dangling.
               Please use C simulation to confirm this function argument can be read from or written to." tag=""/>
	<Message prefix="[RTGEN 206-101]" severity="WARNING" keynum="252" content="Setting dangling out port &apos;ctrlloop/m_axi_IOMEM_ARSIZE&apos; to 0." tag=""/>
	<Message prefix="[RTGEN 206-101]" severity="WARNING" keynum="251" content="Port &apos;ctrlloop/m_axi_IOMEM_ARBURST&apos; has no fanin or fanout and is left dangling.
               Please use C simulation to confirm this function argument can be read from or written to." tag=""/>
	<Message prefix="[RTGEN 206-101]" severity="WARNING" keynum="252" content="Setting dangling out port &apos;ctrlloop/m_axi_IOMEM_ARBURST&apos; to 0." tag=""/>
	<Message prefix="[RTGEN 206-101]" severity="WARNING" keynum="251" content="Port &apos;ctrlloop/m_axi_IOMEM_ARLOCK&apos; has no fanin or fanout and is left dangling.
               Please use C simulation to confirm this function argument can be read from or written to." tag=""/>
	<Message prefix="[RTGEN 206-101]" severity="WARNING" keynum="252" content="Setting dangling out port &apos;ctrlloop/m_axi_IOMEM_ARLOCK&apos; to 0." tag=""/>
	<Message prefix="[RTGEN 206-101]" severity="WARNING" keynum="251" content="Port &apos;ctrlloop/m_axi_IOMEM_ARCACHE&apos; has no fanin or fanout and is left dangling.
               Please use C simulation to confirm this function argument can be read from or written to." tag=""/>
	<Message prefix="[RTGEN 206-101]" severity="WARNING" keynum="252" content="Setting dangling out port &apos;ctrlloop/m_axi_IOMEM_ARCACHE&apos; to 0." tag=""/>
	<Message prefix="[RTGEN 206-101]" severity="WARNING" keynum="251" content="Port &apos;ctrlloop/m_axi_IOMEM_ARPROT&apos; has no fanin or fanout and is left dangling.
               Please use C simulation to confirm this function argument can be read from or written to." tag=""/>
	<Message prefix="[RTGEN 206-101]" severity="WARNING" keynum="252" content="Setting dangling out port &apos;ctrlloop/m_axi_IOMEM_ARPROT&apos; to 0." tag=""/>
	<Message prefix="[RTGEN 206-101]" severity="WARNING" keynum="251" content="Port &apos;ctrlloop/m_axi_IOMEM_ARQOS&apos; has no fanin or fanout and is left dangling.
               Please use C simulation to confirm this function argument can be read from or written to." tag=""/>
	<Message prefix="[RTGEN 206-101]" severity="WARNING" keynum="252" content="Setting dangling out port &apos;ctrlloop/m_axi_IOMEM_ARQOS&apos; to 0." tag=""/>
	<Message prefix="[RTGEN 206-101]" severity="WARNING" keynum="251" content="Port &apos;ctrlloop/m_axi_IOMEM_ARREGION&apos; has no fanin or fanout and is left dangling.
               Please use C simulation to confirm this function argument can be read from or written to." tag=""/>
	<Message prefix="[RTGEN 206-101]" severity="WARNING" keynum="252" content="Setting dangling out port &apos;ctrlloop/m_axi_IOMEM_ARREGION&apos; to 0." tag=""/>
	<Message prefix="[RTGEN 206-101]" severity="WARNING" keynum="251" content="Port &apos;ctrlloop/m_axi_IOMEM_ARUSER&apos; has no fanin or fanout and is left dangling.
               Please use C simulation to confirm this function argument can be read from or written to." tag=""/>
	<Message prefix="[RTGEN 206-101]" severity="WARNING" keynum="252" content="Setting dangling out port &apos;ctrlloop/m_axi_IOMEM_ARUSER&apos; to 0." tag=""/>
	<Message prefix="[RTGEN 206-101]" severity="WARNING" keynum="251" content="Port &apos;ctrlloop/m_axi_IOMEM_RVALID&apos; has no fanin or fanout and is left dangling.
               Please use C simulation to confirm this function argument can be read from or written to." tag=""/>
	<Message prefix="[RTGEN 206-101]" severity="WARNING" keynum="251" content="Port &apos;ctrlloop/m_axi_IOMEM_RREADY&apos; has no fanin or fanout and is left dangling.
               Please use C simulation to confirm this function argument can be read from or written to." tag=""/>
	<Message prefix="[RTGEN 206-101]" severity="WARNING" keynum="252" content="Setting dangling out port &apos;ctrlloop/m_axi_IOMEM_RREADY&apos; to 0." tag=""/>
	<Message prefix="[RTGEN 206-101]" severity="WARNING" keynum="251" content="Port &apos;ctrlloop/m_axi_IOMEM_RDATA&apos; has no fanin or fanout and is left dangling.
               Please use C simulation to confirm this function argument can be read from or written to." tag=""/>
	<Message prefix="[RTGEN 206-101]" severity="WARNING" keynum="251" content="Port &apos;ctrlloop/m_axi_IOMEM_RLAST&apos; has no fanin or fanout and is left dangling.
               Please use C simulation to confirm this function argument can be read from or written to." tag=""/>
	<Message prefix="[RTGEN 206-101]" severity="WARNING" keynum="251" content="Port &apos;ctrlloop/m_axi_IOMEM_RID&apos; has no fanin or fanout and is left dangling.
               Please use C simulation to confirm this function argument can be read from or written to." tag=""/>
	<Message prefix="[RTGEN 206-101]" severity="WARNING" keynum="251" content="Port &apos;ctrlloop/m_axi_IOMEM_RUSER&apos; has no fanin or fanout and is left dangling.
               Please use C simulation to confirm this function argument can be read from or written to." tag=""/>
	<Message prefix="[RTGEN 206-101]" severity="WARNING" keynum="251" content="Port &apos;ctrlloop/m_axi_IOMEM_RRESP&apos; has no fanin or fanout and is left dangling.
               Please use C simulation to confirm this function argument can be read from or written to." tag=""/>
	<Message prefix="[RTGEN 206-101]" severity="WARNING" keynum="251" content="Port &apos;ctrlloop/m_axi_IOMEM_BVALID&apos; has no fanin or fanout and is left dangling.
               Please use C simulation to confirm this function argument can be read from or written to." tag=""/>
	<Message prefix="[RTGEN 206-101]" severity="WARNING" keynum="251" content="Port &apos;ctrlloop/m_axi_IOMEM_BREADY&apos; has no fanin or fanout and is left dangling.
               Please use C simulation to confirm this function argument can be read from or written to." tag=""/>
	<Message prefix="[RTGEN 206-101]" severity="WARNING" keynum="252" content="Setting dangling out port &apos;ctrlloop/m_axi_IOMEM_BREADY&apos; to 0." tag=""/>
	<Message prefix="[RTGEN 206-101]" severity="WARNING" keynum="251" content="Port &apos;ctrlloop/m_axi_IOMEM_BRESP&apos; has no fanin or fanout and is left dangling.
               Please use C simulation to confirm this function argument can be read from or written to." tag=""/>
	<Message prefix="[RTGEN 206-101]" severity="WARNING" keynum="251" content="Port &apos;ctrlloop/m_axi_IOMEM_BID&apos; has no fanin or fanout and is left dangling.
               Please use C simulation to confirm this function argument can be read from or written to." tag=""/>
	<Message prefix="[RTGEN 206-101]" severity="WARNING" keynum="251" content="Port &apos;ctrlloop/m_axi_IOMEM_BUSER&apos; has no fanin or fanout and is left dangling.
               Please use C simulation to confirm this function argument can be read from or written to." tag=""/>
	<Message prefix="[RTGEN 206-101]" severity="WARNING" keynum="251" content="Port &apos;ctrlloop/interrupt_V&apos; has no fanin or fanout and is left dangling.
               Please use C simulation to confirm this function argument can be read from or written to." tag=""/>
	<Message prefix="[RTGEN 206-100]" severity="INFO" keynum="369" content="Finished creating RTL model for &apos;ctrlloop&apos;." tag=""/>
	<Message prefix="[HLS 200-111]" severity="INFO" keynum="474" content=" Elapsed time: 1.1 seconds; current allocated memory: 86.752 MB." tag=""/>
	<Message prefix="[HLS 200-111]" severity="INFO" keynum="473" content="Finished generating all RTL models Time (s): cpu = 00:01:03 ; elapsed = 00:00:50 . Memory (MB): peak = 488.188 ; gain = 141.621 ; free physical = 954 ; free virtual = 12025" tag=""/>
	<Message prefix="[SYSC 207-301]" severity="INFO" keynum="SYSC_301_1065" content="Generating SystemC RTL for ctrlloop." tag=""/>
	<Message prefix="[VHDL 208-304]" severity="INFO" keynum="VHDL_304_1066" content="Generating VHDL RTL for ctrlloop." tag=""/>
	<Message prefix="[VLOG 209-307]" severity="INFO" keynum="VLOG_307_1067" content="Generating Verilog RTL for ctrlloop." tag=""/>
</Messages>
