<profile>

<section name = "Vivado HLS Report for 'ctrlloop'" level="0">
<item name = "Date">Wed Jul 18 09:43:11 2018
</item>
<item name = "Version">2017.4 (Build 2086221 on Fri Dec 15 21:13:33 MST 2017)</item>
<item name = "Project">ctrlloop</item>
<item name = "Solution">ctrlloop</item>
<item name = "Product family">zynq</item>
<item name = "Target device">xc7z020clg400-1</item>
</section>

<section name = "Performance Estimates" level="0">
<item name = "Timing (ns)">
<section name = "" level="1">
<item name = "Summary"><table name="" hasTotal="0">
<keys size="4">Clock, Target, Estimated, Uncertainty</keys>
<column name="ap_clk">4.00, 2.46, 0.50</column>
</table>
</item>
</section>
</item>
<item name = "Latency (clock cycles)">
<section name = "" level="1">
<item name = "Summary"><table name="" hasTotal="0">
<keys size="6">, min, max, min, max, Type</keys>
<column name="">100000001, 100000001, 100000001, 100000001, none</column>
</table>
</item>
<item name = "Detail">
<section name = "" level="1">
<item name = "Instance"><table name="" hasTotal="0">
<keys size="7">Instance, Module, min, max, min, max, Type</keys>
</table>
</item>
<item name = "Loop"><table name="" hasTotal="0">
<keys size="8">Loop Name, min, max, Latency, achieved, target, Count, Pipelined</keys>
<column name="- Loop 1">100000000, 100000000, 1, -, -, 100000000, no</column>
</table>
</item>
</section>
</item>
</section>
</item>
</section>

<section name = "Utilization Estimates" level="0">
<item name = "Summary"><table name="" hasTotal="1">
<keys size="5">Name, BRAM_18K, DSP48E, FF, LUT</keys>
<column name="DSP">-, -, -, -</column>
<column name="Expression">-, -, 0, 65</column>
<column name="FIFO">-, -, -, -</column>
<column name="Instance">2, -, 116, 110</column>
<column name="Memory">-, -, -, -</column>
<column name="Multiplexer">-, -, -, 33</column>
<column name="Register">-, -, 37, -</column>
<specialColumn name="Available">280, 220, 106400, 53200</specialColumn>
<specialColumn name="Utilization (%)">~0, 0, ~0, ~0</specialColumn>
</table>
</item>
<item name = "Detail">
<section name = "" level="1">
<item name = "Instance"><table name="" hasTotal="1">
<keys size="6">Instance, Module, BRAM_18K, DSP48E, FF, LUT</keys>
<column name="ctrlloop_CTRL_s_axi_U">ctrlloop_CTRL_s_axi, 2, 0, 116, 110</column>
</table>
</item>
<item name = "DSP48"><table name="" hasTotal="0">
<keys size="3">Instance, Module, Expression</keys>
</table>
</item>
<item name = "Memory"><table name="" hasTotal="1">
<keys size="9">Memory, Module, BRAM_18K, FF, LUT, Words, Bits, Banks, W*Bits*Banks</keys>
</table>
</item>
<item name = "FIFO"><table name="" hasTotal="1">
<keys size="7">Name, BRAM_18K, FF, LUT, Depth, Bits, Size:D*B</keys>
</table>
</item>
<item name = "Expression"><table name="" hasTotal="1">
<keys size="7">Variable Name, Operation, DSP48E, FF, LUT, Bitwidth P0, Bitwidth P1</keys>
<column name="ctr_V_fu_145_p2">+, 0, 0, 34, 27, 1</column>
<column name="led_state_V_assign_fu_121_p2">+, 0, 0, 13, 4, 1</column>
<column name="tmp_1_fu_139_p2">icmp, 0, 0, 18, 27, 27</column>
</table>
</item>
<item name = "Multiplexer"><table name="" hasTotal="1">
<keys size="5">Name, LUT, Input Size, Bits, Total Bits</keys>
<column name="ap_NS_fsm">15, 3, 1, 3</column>
<column name="leds_V">9, 2, 4, 8</column>
<column name="p_014_0_i_reg_106">9, 2, 27, 54</column>
</table>
</item>
<item name = "Register"><table name="" hasTotal="1">
<keys size="5">Name, FF, LUT, Bits, Const Bits</keys>
<column name="ap_CS_fsm">2, 0, 2, 0</column>
<column name="led_state_V">4, 0, 4, 0</column>
<column name="leds_V_preg">4, 0, 4, 0</column>
<column name="p_014_0_i_reg_106">27, 0, 27, 0</column>
</table>
</item>
</section>
</item>
</section>

<section name = "Interface" level="0">
<item name = "Summary"><table name="" hasTotal="0">
<keys size="6">RTL Ports, Dir, Bits, Protocol, Source Object, C Type</keys>
<column name="s_axi_CTRL_AWVALID">in, 1, s_axi, CTRL, array</column>
<column name="s_axi_CTRL_AWREADY">out, 1, s_axi, CTRL, array</column>
<column name="s_axi_CTRL_AWADDR">in, 10, s_axi, CTRL, array</column>
<column name="s_axi_CTRL_WVALID">in, 1, s_axi, CTRL, array</column>
<column name="s_axi_CTRL_WREADY">out, 1, s_axi, CTRL, array</column>
<column name="s_axi_CTRL_WDATA">in, 32, s_axi, CTRL, array</column>
<column name="s_axi_CTRL_WSTRB">in, 4, s_axi, CTRL, array</column>
<column name="s_axi_CTRL_ARVALID">in, 1, s_axi, CTRL, array</column>
<column name="s_axi_CTRL_ARREADY">out, 1, s_axi, CTRL, array</column>
<column name="s_axi_CTRL_ARADDR">in, 10, s_axi, CTRL, array</column>
<column name="s_axi_CTRL_RVALID">out, 1, s_axi, CTRL, array</column>
<column name="s_axi_CTRL_RREADY">in, 1, s_axi, CTRL, array</column>
<column name="s_axi_CTRL_RDATA">out, 32, s_axi, CTRL, array</column>
<column name="s_axi_CTRL_RRESP">out, 2, s_axi, CTRL, array</column>
<column name="s_axi_CTRL_BVALID">out, 1, s_axi, CTRL, array</column>
<column name="s_axi_CTRL_BREADY">in, 1, s_axi, CTRL, array</column>
<column name="s_axi_CTRL_BRESP">out, 2, s_axi, CTRL, array</column>
<column name="ap_clk">in, 1, ap_ctrl_hs, ctrlloop, return value</column>
<column name="ap_rst_n">in, 1, ap_ctrl_hs, ctrlloop, return value</column>
<column name="interrupt">out, 1, ap_ctrl_hs, ctrlloop, return value</column>
<column name="m_axi_IOMEM_AWVALID">out, 1, m_axi, IOMEM, pointer</column>
<column name="m_axi_IOMEM_AWREADY">in, 1, m_axi, IOMEM, pointer</column>
<column name="m_axi_IOMEM_AWADDR">out, 32, m_axi, IOMEM, pointer</column>
<column name="m_axi_IOMEM_AWID">out, 1, m_axi, IOMEM, pointer</column>
<column name="m_axi_IOMEM_AWLEN">out, 8, m_axi, IOMEM, pointer</column>
<column name="m_axi_IOMEM_AWSIZE">out, 3, m_axi, IOMEM, pointer</column>
<column name="m_axi_IOMEM_AWBURST">out, 2, m_axi, IOMEM, pointer</column>
<column name="m_axi_IOMEM_AWLOCK">out, 2, m_axi, IOMEM, pointer</column>
<column name="m_axi_IOMEM_AWCACHE">out, 4, m_axi, IOMEM, pointer</column>
<column name="m_axi_IOMEM_AWPROT">out, 3, m_axi, IOMEM, pointer</column>
<column name="m_axi_IOMEM_AWQOS">out, 4, m_axi, IOMEM, pointer</column>
<column name="m_axi_IOMEM_AWREGION">out, 4, m_axi, IOMEM, pointer</column>
<column name="m_axi_IOMEM_AWUSER">out, 1, m_axi, IOMEM, pointer</column>
<column name="m_axi_IOMEM_WVALID">out, 1, m_axi, IOMEM, pointer</column>
<column name="m_axi_IOMEM_WREADY">in, 1, m_axi, IOMEM, pointer</column>
<column name="m_axi_IOMEM_WDATA">out, 32, m_axi, IOMEM, pointer</column>
<column name="m_axi_IOMEM_WSTRB">out, 4, m_axi, IOMEM, pointer</column>
<column name="m_axi_IOMEM_WLAST">out, 1, m_axi, IOMEM, pointer</column>
<column name="m_axi_IOMEM_WID">out, 1, m_axi, IOMEM, pointer</column>
<column name="m_axi_IOMEM_WUSER">out, 1, m_axi, IOMEM, pointer</column>
<column name="m_axi_IOMEM_ARVALID">out, 1, m_axi, IOMEM, pointer</column>
<column name="m_axi_IOMEM_ARREADY">in, 1, m_axi, IOMEM, pointer</column>
<column name="m_axi_IOMEM_ARADDR">out, 32, m_axi, IOMEM, pointer</column>
<column name="m_axi_IOMEM_ARID">out, 1, m_axi, IOMEM, pointer</column>
<column name="m_axi_IOMEM_ARLEN">out, 8, m_axi, IOMEM, pointer</column>
<column name="m_axi_IOMEM_ARSIZE">out, 3, m_axi, IOMEM, pointer</column>
<column name="m_axi_IOMEM_ARBURST">out, 2, m_axi, IOMEM, pointer</column>
<column name="m_axi_IOMEM_ARLOCK">out, 2, m_axi, IOMEM, pointer</column>
<column name="m_axi_IOMEM_ARCACHE">out, 4, m_axi, IOMEM, pointer</column>
<column name="m_axi_IOMEM_ARPROT">out, 3, m_axi, IOMEM, pointer</column>
<column name="m_axi_IOMEM_ARQOS">out, 4, m_axi, IOMEM, pointer</column>
<column name="m_axi_IOMEM_ARREGION">out, 4, m_axi, IOMEM, pointer</column>
<column name="m_axi_IOMEM_ARUSER">out, 1, m_axi, IOMEM, pointer</column>
<column name="m_axi_IOMEM_RVALID">in, 1, m_axi, IOMEM, pointer</column>
<column name="m_axi_IOMEM_RREADY">out, 1, m_axi, IOMEM, pointer</column>
<column name="m_axi_IOMEM_RDATA">in, 32, m_axi, IOMEM, pointer</column>
<column name="m_axi_IOMEM_RLAST">in, 1, m_axi, IOMEM, pointer</column>
<column name="m_axi_IOMEM_RID">in, 1, m_axi, IOMEM, pointer</column>
<column name="m_axi_IOMEM_RUSER">in, 1, m_axi, IOMEM, pointer</column>
<column name="m_axi_IOMEM_RRESP">in, 2, m_axi, IOMEM, pointer</column>
<column name="m_axi_IOMEM_BVALID">in, 1, m_axi, IOMEM, pointer</column>
<column name="m_axi_IOMEM_BREADY">out, 1, m_axi, IOMEM, pointer</column>
<column name="m_axi_IOMEM_BRESP">in, 2, m_axi, IOMEM, pointer</column>
<column name="m_axi_IOMEM_BID">in, 1, m_axi, IOMEM, pointer</column>
<column name="m_axi_IOMEM_BUSER">in, 1, m_axi, IOMEM, pointer</column>
<column name="buttons_V">in, 4, ap_none, buttons_V, scalar</column>
<column name="interrupt_V">in, 1, ap_none, interrupt_V, scalar</column>
<column name="leds_V">out, 4, ap_none, leds_V, pointer</column>
</table>
</item>
</section>
</profile>
