<stg><name>ctrlloop</name>


<trans_list>

<trans id="38" from="1" to="2">
<condition id="7">
<or_exp><and_exp></and_exp></or_exp>
</condition>
</trans>

<trans id="39" from="2" to="2">
<condition id="9">
<or_exp><and_exp><literal name="tmp_1" val="0"/>
</and_exp></or_exp>
</condition>
</trans>
</trans_list>



<state_list>

<state id="1" st_id="1">

<operation id="3" st_id="1" stage="1" lat="1">
<core>NULL</core>
<MemPortIdVec></MemPortIdVec>
<condition id="0">
<or_exp><and_exp></and_exp></or_exp>
</condition>

<Node id="7" bw="0" op_0_bw="0" op_1_bw="32">
<![CDATA[
codeRepl:0  call void (...)* @_ssdm_op_SpecBitsMap(i32* %IOMEM), !map !54

]]></Node>
<StgValue><ssdm name=""/></StgValue>
</operation>

<operation id="4" st_id="1" stage="1" lat="1">
<core>NULL</core>
<MemPortIdVec></MemPortIdVec>
<condition id="0">
<or_exp><and_exp></and_exp></or_exp>
</condition>

<Node id="8" bw="0" op_0_bw="0" op_1_bw="32">
<![CDATA[
codeRepl:1  call void (...)* @_ssdm_op_SpecBitsMap([128 x i32]* %regs_V), !map !60

]]></Node>
<StgValue><ssdm name=""/></StgValue>
</operation>

<operation id="5" st_id="1" stage="1" lat="1">
<core>NULL</core>
<MemPortIdVec></MemPortIdVec>
<condition id="0">
<or_exp><and_exp></and_exp></or_exp>
</condition>

<Node id="9" bw="0" op_0_bw="0" op_1_bw="4">
<![CDATA[
codeRepl:2  call void (...)* @_ssdm_op_SpecBitsMap(i4 %buttons_V), !map !66

]]></Node>
<StgValue><ssdm name=""/></StgValue>
</operation>

<operation id="6" st_id="1" stage="1" lat="1">
<core>NULL</core>
<MemPortIdVec></MemPortIdVec>
<condition id="0">
<or_exp><and_exp></and_exp></or_exp>
</condition>

<Node id="10" bw="0" op_0_bw="0" op_1_bw="1">
<![CDATA[
codeRepl:3  call void (...)* @_ssdm_op_SpecBitsMap(i1 %interrupt_V), !map !72

]]></Node>
<StgValue><ssdm name=""/></StgValue>
</operation>

<operation id="7" st_id="1" stage="1" lat="1">
<core>NULL</core>
<MemPortIdVec></MemPortIdVec>
<condition id="0">
<or_exp><and_exp></and_exp></or_exp>
</condition>

<Node id="11" bw="0" op_0_bw="0" op_1_bw="4">
<![CDATA[
codeRepl:4  call void (...)* @_ssdm_op_SpecBitsMap(i4* %leds_V), !map !76

]]></Node>
<StgValue><ssdm name=""/></StgValue>
</operation>

<operation id="8" st_id="1" stage="1" lat="1">
<core>NULL</core>
<MemPortIdVec></MemPortIdVec>
<condition id="0">
<or_exp><and_exp></and_exp></or_exp>
</condition>

<Node id="12" bw="4" op_0_bw="4" op_1_bw="4">
<![CDATA[
codeRepl:5  %buttons_V_read = call i4 @_ssdm_op_Read.ap_none.i4(i4 %buttons_V)

]]></Node>
<StgValue><ssdm name="buttons_V_read"/></StgValue>
</operation>

<operation id="9" st_id="1" stage="1" lat="1">
<core>NULL</core>
<MemPortIdVec></MemPortIdVec>
<condition id="0">
<or_exp><and_exp></and_exp></or_exp>
</condition>

<Node id="13" bw="8" op_0_bw="64">
<![CDATA[
codeRepl:6  %dummy = alloca i8, align 1

]]></Node>
<StgValue><ssdm name="dummy"/></StgValue>
</operation>

<operation id="10" st_id="1" stage="1" lat="1">
<core>NULL</core>
<MemPortIdVec></MemPortIdVec>
<condition id="0">
<or_exp><and_exp></and_exp></or_exp>
</condition>

<Node id="14" bw="0" op_0_bw="0" op_1_bw="0">
<![CDATA[
codeRepl:7  call void (...)* @_ssdm_op_SpecTopModule([9 x i8]* @ctrlloop_str) nounwind

]]></Node>
<StgValue><ssdm name=""/></StgValue>
</operation>

<operation id="11" st_id="1" stage="1" lat="1">
<core>NULL</core>
<MemPortIdVec></MemPortIdVec>
<condition id="0">
<or_exp><and_exp></and_exp></or_exp>
</condition>

<Node id="15" bw="0" op_0_bw="0" op_1_bw="32" op_2_bw="0" op_3_bw="32" op_4_bw="32" op_5_bw="0" op_6_bw="32" op_7_bw="32" op_8_bw="0" op_9_bw="0" op_10_bw="0" op_11_bw="32" op_12_bw="32" op_13_bw="32" op_14_bw="32" op_15_bw="0" op_16_bw="0">
<![CDATA[
codeRepl:8  call void (...)* @_ssdm_op_SpecInterface(i32 0, [10 x i8]* @p_str, i32 0, i32 0, [1 x i8]* @p_str1, i32 0, i32 0, [5 x i8]* @p_str2, [1 x i8]* @p_str1, [1 x i8]* @p_str1, i32 0, i32 0, i32 0, i32 0, [1 x i8]* @p_str1, [1 x i8]* @p_str1) nounwind

]]></Node>
<StgValue><ssdm name=""/></StgValue>
</operation>

<operation id="12" st_id="1" stage="1" lat="1">
<core>NULL</core>
<MemPortIdVec></MemPortIdVec>
<condition id="0">
<or_exp><and_exp></and_exp></or_exp>
</condition>

<Node id="16" bw="32" op_0_bw="32" op_1_bw="32" op_2_bw="0" op_3_bw="0" op_4_bw="0" op_5_bw="32" op_6_bw="0" op_7_bw="0" op_8_bw="0" op_9_bw="0" op_10_bw="0">
<![CDATA[
codeRepl:9  %empty = call i32 (...)* @_ssdm_op_SpecMemCore([128 x i32]* %regs_V, [1 x i8]* @p_str6, [7 x i8]* @RAM_1P_str, [1 x i8]* @p_str6, i32 -1, [1 x i8]* @p_str6, [1 x i8]* @p_str6, [1 x i8]* @p_str6, [1 x i8]* @p_str6, [1 x i8]* @p_str6)

]]></Node>
<StgValue><ssdm name="empty"/></StgValue>
</operation>

<operation id="13" st_id="1" stage="1" lat="1">
<core>NULL</core>
<MemPortIdVec></MemPortIdVec>
<condition id="0">
<or_exp><and_exp></and_exp></or_exp>
</condition>

<Node id="17" bw="0" op_0_bw="0" op_1_bw="32" op_2_bw="0" op_3_bw="32" op_4_bw="32" op_5_bw="0" op_6_bw="32" op_7_bw="32" op_8_bw="0" op_9_bw="0" op_10_bw="0" op_11_bw="32" op_12_bw="32" op_13_bw="32" op_14_bw="32" op_15_bw="0" op_16_bw="0">
<![CDATA[
codeRepl:10  call void (...)* @_ssdm_op_SpecInterface([128 x i32]* %regs_V, [10 x i8]* @p_str, i32 0, i32 0, [1 x i8]* @p_str1, i32 0, i32 0, [5 x i8]* @p_str2, [1 x i8]* @p_str1, [1 x i8]* @p_str1, i32 0, i32 0, i32 0, i32 0, [1 x i8]* @p_str1, [1 x i8]* @p_str1) nounwind

]]></Node>
<StgValue><ssdm name=""/></StgValue>
</operation>

<operation id="14" st_id="1" stage="1" lat="1">
<core>NULL</core>
<MemPortIdVec></MemPortIdVec>
<condition id="0">
<or_exp><and_exp></and_exp></or_exp>
</condition>

<Node id="18" bw="0" op_0_bw="0" op_1_bw="32" op_2_bw="0" op_3_bw="32" op_4_bw="32" op_5_bw="0" op_6_bw="32" op_7_bw="32" op_8_bw="0" op_9_bw="0" op_10_bw="0" op_11_bw="32" op_12_bw="32" op_13_bw="32" op_14_bw="32" op_15_bw="0" op_16_bw="0">
<![CDATA[
codeRepl:11  call void (...)* @_ssdm_op_SpecInterface(i32* %IOMEM, [6 x i8]* @p_str3, i32 0, i32 0, [1 x i8]* @p_str1, i32 0, i32 0, [6 x i8]* @p_str4, [1 x i8]* @p_str1, [1 x i8]* @p_str1, i32 16, i32 16, i32 16, i32 16, [1 x i8]* @p_str1, [1 x i8]* @p_str1)

]]></Node>
<StgValue><ssdm name=""/></StgValue>
</operation>

<operation id="15" st_id="1" stage="1" lat="1">
<core>NULL</core>
<MemPortIdVec></MemPortIdVec>
<condition id="0">
<or_exp><and_exp></and_exp></or_exp>
</condition>

<Node id="19" bw="0" op_0_bw="0" op_1_bw="4" op_2_bw="0" op_3_bw="32" op_4_bw="32" op_5_bw="0" op_6_bw="32" op_7_bw="32" op_8_bw="0" op_9_bw="0" op_10_bw="0" op_11_bw="32" op_12_bw="32" op_13_bw="32" op_14_bw="32" op_15_bw="0" op_16_bw="0">
<![CDATA[
codeRepl:12  call void (...)* @_ssdm_op_SpecInterface(i4* %leds_V, [8 x i8]* @p_str5, i32 0, i32 0, [1 x i8]* @p_str1, i32 0, i32 0, [1 x i8]* @p_str1, [1 x i8]* @p_str1, [1 x i8]* @p_str1, i32 0, i32 0, i32 0, i32 0, [1 x i8]* @p_str1, [1 x i8]* @p_str1) nounwind

]]></Node>
<StgValue><ssdm name=""/></StgValue>
</operation>

<operation id="16" st_id="1" stage="1" lat="1">
<core>NULL</core>
<MemPortIdVec></MemPortIdVec>
<condition id="0">
<or_exp><and_exp></and_exp></or_exp>
</condition>

<Node id="20" bw="0" op_0_bw="0" op_1_bw="4" op_2_bw="0" op_3_bw="32" op_4_bw="32" op_5_bw="0" op_6_bw="32" op_7_bw="32" op_8_bw="0" op_9_bw="0" op_10_bw="0" op_11_bw="32" op_12_bw="32" op_13_bw="32" op_14_bw="32" op_15_bw="0" op_16_bw="0">
<![CDATA[
codeRepl:13  call void (...)* @_ssdm_op_SpecInterface(i4 %buttons_V, [8 x i8]* @p_str5, i32 0, i32 0, [1 x i8]* @p_str1, i32 0, i32 0, [1 x i8]* @p_str1, [1 x i8]* @p_str1, [1 x i8]* @p_str1, i32 0, i32 0, i32 0, i32 0, [1 x i8]* @p_str1, [1 x i8]* @p_str1) nounwind

]]></Node>
<StgValue><ssdm name=""/></StgValue>
</operation>

<operation id="17" st_id="1" stage="1" lat="1">
<core>NULL</core>
<MemPortIdVec></MemPortIdVec>
<condition id="0">
<or_exp><and_exp></and_exp></or_exp>
</condition>

<Node id="21" bw="0" op_0_bw="0" op_1_bw="4" op_2_bw="32" op_3_bw="0">
<![CDATA[
codeRepl:14  call void (...)* @_ssdm_op_SpecReset(i4* @led_state_V, i32 1, [1 x i8]* @p_str1) nounwind

]]></Node>
<StgValue><ssdm name=""/></StgValue>
</operation>

<operation id="18" st_id="1" stage="1" lat="1">
<core>NULL</core>
<MemPortIdVec></MemPortIdVec>
<condition id="0">
<or_exp><and_exp></and_exp></or_exp>
</condition>

<Node id="22" bw="4" op_0_bw="4">
<![CDATA[
codeRepl:15  %led_state_V_load = load i4* @led_state_V, align 1

]]></Node>
<StgValue><ssdm name="led_state_V_load"/></StgValue>
</operation>

<operation id="19" st_id="1" stage="1" lat="1">
<core>AddSub</core>
<MemPortIdVec></MemPortIdVec>
<condition id="0">
<or_exp><and_exp></and_exp></or_exp>
</condition>

<Node id="23" bw="4" op_0_bw="4" op_1_bw="4">
<![CDATA[
codeRepl:16  %led_state_V_assign = add i4 %led_state_V_load, 1

]]></Node>
<StgValue><ssdm name="led_state_V_assign"/></StgValue>
</operation>

<operation id="20" st_id="1" stage="1" lat="1">
<core>NULL</core>
<MemPortIdVec></MemPortIdVec>
<condition id="0">
<or_exp><and_exp></and_exp></or_exp>
</condition>

<Node id="24" bw="0" op_0_bw="4" op_1_bw="4">
<![CDATA[
codeRepl:17  store i4 %led_state_V_assign, i4* @led_state_V, align 1

]]></Node>
<StgValue><ssdm name=""/></StgValue>
</operation>

<operation id="21" st_id="1" stage="1" lat="1">
<core>NULL</core>
<MemPortIdVec></MemPortIdVec>
<condition id="0">
<or_exp><and_exp></and_exp></or_exp>
</condition>

<Node id="25" bw="0" op_0_bw="0" op_1_bw="4" op_2_bw="4">
<![CDATA[
codeRepl:18  call void @_ssdm_op_Write.ap_none.i4P(i4* %leds_V, i4 %led_state_V_assign)

]]></Node>
<StgValue><ssdm name=""/></StgValue>
</operation>

<operation id="22" st_id="1" stage="1" lat="1">
<core>NULL</core>
<MemPortIdVec></MemPortIdVec>
<condition id="0">
<or_exp><and_exp></and_exp></or_exp>
</condition>

<Node id="26" bw="32" op_0_bw="4">
<![CDATA[
codeRepl:19  %p_s = zext i4 %buttons_V_read to i32

]]></Node>
<StgValue><ssdm name="p_s"/></StgValue>
</operation>

<operation id="23" st_id="1" stage="1" lat="1">
<core>NULL</core>
<MemPortIdVec></MemPortIdVec>
<condition id="0">
<or_exp><and_exp></and_exp></or_exp>
</condition>

<Node id="27" bw="7" op_0_bw="32" op_1_bw="64" op_2_bw="64">
<![CDATA[
codeRepl:20  %regs_V_addr = getelementptr [128 x i32]* %regs_V, i64 0, i64 0

]]></Node>
<StgValue><ssdm name="regs_V_addr"/></StgValue>
</operation>

<operation id="24" st_id="1" stage="1" lat="1">
<core>RAM_1P</core>
<MemPortIdVec>0 </MemPortIdVec>
<condition id="0">
<or_exp><and_exp></and_exp></or_exp>
</condition>

<Node id="28" bw="0" op_0_bw="32" op_1_bw="7">
<![CDATA[
codeRepl:21  store i32 %p_s, i32* %regs_V_addr, align 4

]]></Node>
<StgValue><ssdm name=""/></StgValue>
</operation>

<operation id="25" st_id="1" stage="1" lat="1">
<core>NULL</core>
<MemPortIdVec></MemPortIdVec>
<condition id="0">
<or_exp><and_exp></and_exp></or_exp>
</condition>

<Node id="29" bw="32" op_0_bw="32" op_1_bw="0">
<![CDATA[
codeRepl:22  %rbegin = call i32 (...)* @_ssdm_op_SpecRegionBegin([45 x i8]* @delay_until_ms_MD_10) nounwind

]]></Node>
<StgValue><ssdm name="rbegin"/></StgValue>
</operation>

<operation id="26" st_id="1" stage="1" lat="1">
<core>NULL</core>
<MemPortIdVec></MemPortIdVec>
<condition id="0">
<or_exp><and_exp></and_exp></or_exp>
</condition>

<Node id="30" bw="0" op_0_bw="0" op_1_bw="32" op_2_bw="0">
<![CDATA[
codeRepl:23  call void (...)* @_ssdm_op_SpecProtocol(i32 0, [1 x i8]* @p_str1) nounwind

]]></Node>
<StgValue><ssdm name=""/></StgValue>
</operation>

<operation id="27" st_id="1" stage="1" lat="1">
<core>NULL</core>
<MemPortIdVec></MemPortIdVec>
<condition id="0">
<or_exp><and_exp></and_exp></or_exp>
</condition>

<Node id="31" bw="0" op_0_bw="0">
<![CDATA[
codeRepl:24  br label %0

]]></Node>
<StgValue><ssdm name=""/></StgValue>
</operation>
</state>

<state id="2" st_id="2">

<operation id="28" st_id="2" stage="1" lat="1">
<core>NULL</core>
<MemPortIdVec></MemPortIdVec>
<condition id="1">
<or_exp><and_exp></and_exp></or_exp>
</condition>

<Node id="33" bw="27" op_0_bw="27" op_1_bw="0">
<![CDATA[
:0  %p_014_0_i = phi i27 [ 0, %codeRepl ], [ %ctr_V, %1 ]

]]></Node>
<StgValue><ssdm name="p_014_0_i"/></StgValue>
</operation>

<operation id="29" st_id="2" stage="1" lat="1">
<core>Cmp</core>
<MemPortIdVec></MemPortIdVec>
<condition id="1">
<or_exp><and_exp></and_exp></or_exp>
</condition>

<Node id="34" bw="1" op_0_bw="27" op_1_bw="27">
<![CDATA[
:1  %tmp_1 = icmp eq i27 %p_014_0_i, -34217728

]]></Node>
<StgValue><ssdm name="tmp_1"/></StgValue>
</operation>

<operation id="30" st_id="2" stage="1" lat="1">
<core>NULL</core>
<MemPortIdVec></MemPortIdVec>
<condition id="1">
<or_exp><and_exp></and_exp></or_exp>
</condition>

<Node id="35" bw="32" op_0_bw="32" op_1_bw="64" op_2_bw="64" op_3_bw="64">
<![CDATA[
:2  %empty_2 = call i32 (...)* @_ssdm_op_SpecLoopTripCount(i64 100000000, i64 100000000, i64 100000000)

]]></Node>
<StgValue><ssdm name="empty_2"/></StgValue>
</operation>

<operation id="31" st_id="2" stage="1" lat="1">
<core>AddSub</core>
<MemPortIdVec></MemPortIdVec>
<condition id="1">
<or_exp><and_exp></and_exp></or_exp>
</condition>

<Node id="36" bw="27" op_0_bw="27" op_1_bw="27">
<![CDATA[
:3  %ctr_V = add i27 %p_014_0_i, 1

]]></Node>
<StgValue><ssdm name="ctr_V"/></StgValue>
</operation>

<operation id="32" st_id="2" stage="1" lat="1">
<core>NULL</core>
<MemPortIdVec></MemPortIdVec>
<condition id="1">
<or_exp><and_exp></and_exp></or_exp>
</condition>

<Node id="37" bw="0" op_0_bw="1" op_1_bw="0" op_2_bw="0">
<![CDATA[
:4  br i1 %tmp_1, label %"delay_until_ms<1000ull, 100000000ull>.exit", label %1

]]></Node>
<StgValue><ssdm name=""/></StgValue>
</operation>

<operation id="33" st_id="2" stage="1" lat="1">
<core>NULL</core>
<MemPortIdVec></MemPortIdVec>
<condition id="3">
<or_exp><and_exp><literal name="tmp_1" val="0"/>
</and_exp></or_exp>
</condition>

<Node id="39" bw="8" op_0_bw="8">
<![CDATA[
:0  %dummy_1 = load volatile i8* %dummy, align 1

]]></Node>
<StgValue><ssdm name="dummy_1"/></StgValue>
</operation>

<operation id="34" st_id="2" stage="1" lat="1">
<core>NULL</core>
<MemPortIdVec></MemPortIdVec>
<condition id="3">
<or_exp><and_exp><literal name="tmp_1" val="0"/>
</and_exp></or_exp>
</condition>

<Node id="40" bw="0" op_0_bw="8" op_1_bw="8">
<![CDATA[
:1  store volatile i8 %dummy_1, i8* %dummy, align 1

]]></Node>
<StgValue><ssdm name=""/></StgValue>
</operation>

<operation id="35" st_id="2" stage="1" lat="1">
<core>NULL</core>
<MemPortIdVec></MemPortIdVec>
<condition id="3">
<or_exp><and_exp><literal name="tmp_1" val="0"/>
</and_exp></or_exp>
</condition>

<Node id="41" bw="0" op_0_bw="0">
<![CDATA[
:2  br label %0

]]></Node>
<StgValue><ssdm name=""/></StgValue>
</operation>

<operation id="36" st_id="2" stage="1" lat="1">
<core>NULL</core>
<MemPortIdVec></MemPortIdVec>
<condition id="5">
<or_exp><and_exp><literal name="tmp_1" val="1"/>
</and_exp></or_exp>
</condition>

<Node id="43" bw="32" op_0_bw="32" op_1_bw="0" op_2_bw="32">
<![CDATA[
delay_until_ms<1000ull, 100000000ull>.exit:0  %rend = call i32 (...)* @_ssdm_op_SpecRegionEnd([45 x i8]* @delay_until_ms_MD_10, i32 %rbegin) nounwind

]]></Node>
<StgValue><ssdm name="rend"/></StgValue>
</operation>

<operation id="37" st_id="2" stage="1" lat="1">
<core>NULL</core>
<MemPortIdVec></MemPortIdVec>
<condition id="5">
<or_exp><and_exp><literal name="tmp_1" val="1"/>
</and_exp></or_exp>
</condition>

<Node id="44" bw="0">
<![CDATA[
delay_until_ms<1000ull, 100000000ull>.exit:1  ret void

]]></Node>
<StgValue><ssdm name=""/></StgValue>
</operation>
</state>
</state_list>


<ports>
<port id="40" name="IOMEM" dir="0" iftype="4">
<core>NULL</core><StgValue><ssdm name="IOMEM"/></StgValue>
</port>
<port id="41" name="regs_V" dir="1" iftype="1">
<core>RAM_1P</core><StgValue><ssdm name="regs_V"/><MemPortTyVec>0 </MemPortTyVec>
</StgValue>
</port>
<port id="42" name="buttons_V" dir="0" iftype="0">
<core>NULL</core><StgValue><ssdm name="buttons_V"/></StgValue>
</port>
<port id="43" name="interrupt_V" dir="0" iftype="0">
<core>NULL</core><StgValue><ssdm name="interrupt_V"/></StgValue>
</port>
<port id="44" name="leds_V" dir="1" iftype="0">
<core>NULL</core><StgValue><ssdm name="leds_V"/></StgValue>
</port>
<port id="45" name="led_state_V" dir="2" iftype="0">
<core>NULL</core><StgValue><ssdm name="led_state_V"/></StgValue>
</port>
</ports>


<dataflows>
<dataflow id="47" from="_ssdm_op_SpecBitsMap" to="StgValue_3" fromId="46" toId="3">
</dataflow>
<dataflow id="48" from="IOMEM" to="StgValue_3" fromId="40" toId="3">
</dataflow>
<dataflow id="49" from="_ssdm_op_SpecBitsMap" to="StgValue_4" fromId="46" toId="4">
</dataflow>
<dataflow id="50" from="regs_V" to="StgValue_4" fromId="41" toId="4">
</dataflow>
<dataflow id="51" from="_ssdm_op_SpecBitsMap" to="StgValue_5" fromId="46" toId="5">
</dataflow>
<dataflow id="52" from="buttons_V" to="StgValue_5" fromId="42" toId="5">
</dataflow>
<dataflow id="53" from="_ssdm_op_SpecBitsMap" to="StgValue_6" fromId="46" toId="6">
</dataflow>
<dataflow id="54" from="interrupt_V" to="StgValue_6" fromId="43" toId="6">
</dataflow>
<dataflow id="55" from="_ssdm_op_SpecBitsMap" to="StgValue_7" fromId="46" toId="7">
</dataflow>
<dataflow id="56" from="leds_V" to="StgValue_7" fromId="44" toId="7">
</dataflow>
<dataflow id="58" from="_ssdm_op_Read.ap_none.i4" to="buttons_V_read" fromId="57" toId="8">
</dataflow>
<dataflow id="59" from="buttons_V" to="buttons_V_read" fromId="42" toId="8">
</dataflow>
<dataflow id="61" from="StgValue_60" to="dummy" fromId="60" toId="9">
</dataflow>
<dataflow id="63" from="_ssdm_op_SpecTopModule" to="StgValue_10" fromId="62" toId="10">
</dataflow>
<dataflow id="65" from="ctrlloop_str" to="StgValue_10" fromId="64" toId="10">
</dataflow>
<dataflow id="67" from="_ssdm_op_SpecInterface" to="StgValue_11" fromId="66" toId="11">
</dataflow>
<dataflow id="69" from="StgValue_68" to="StgValue_11" fromId="68" toId="11">
</dataflow>
<dataflow id="71" from="p_str" to="StgValue_11" fromId="70" toId="11">
</dataflow>
<dataflow id="72" from="StgValue_68" to="StgValue_11" fromId="68" toId="11">
</dataflow>
<dataflow id="73" from="StgValue_68" to="StgValue_11" fromId="68" toId="11">
</dataflow>
<dataflow id="75" from="p_str1" to="StgValue_11" fromId="74" toId="11">
</dataflow>
<dataflow id="76" from="StgValue_68" to="StgValue_11" fromId="68" toId="11">
</dataflow>
<dataflow id="77" from="StgValue_68" to="StgValue_11" fromId="68" toId="11">
</dataflow>
<dataflow id="79" from="p_str2" to="StgValue_11" fromId="78" toId="11">
</dataflow>
<dataflow id="80" from="p_str1" to="StgValue_11" fromId="74" toId="11">
</dataflow>
<dataflow id="81" from="p_str1" to="StgValue_11" fromId="74" toId="11">
</dataflow>
<dataflow id="82" from="StgValue_68" to="StgValue_11" fromId="68" toId="11">
</dataflow>
<dataflow id="83" from="StgValue_68" to="StgValue_11" fromId="68" toId="11">
</dataflow>
<dataflow id="84" from="StgValue_68" to="StgValue_11" fromId="68" toId="11">
</dataflow>
<dataflow id="85" from="StgValue_68" to="StgValue_11" fromId="68" toId="11">
</dataflow>
<dataflow id="86" from="p_str1" to="StgValue_11" fromId="74" toId="11">
</dataflow>
<dataflow id="87" from="p_str1" to="StgValue_11" fromId="74" toId="11">
</dataflow>
<dataflow id="89" from="_ssdm_op_SpecMemCore" to="empty" fromId="88" toId="12">
</dataflow>
<dataflow id="90" from="regs_V" to="empty" fromId="41" toId="12">
</dataflow>
<dataflow id="92" from="p_str6" to="empty" fromId="91" toId="12">
</dataflow>
<dataflow id="94" from="RAM_1P_str" to="empty" fromId="93" toId="12">
</dataflow>
<dataflow id="95" from="p_str6" to="empty" fromId="91" toId="12">
</dataflow>
<dataflow id="97" from="StgValue_96" to="empty" fromId="96" toId="12">
</dataflow>
<dataflow id="98" from="p_str6" to="empty" fromId="91" toId="12">
</dataflow>
<dataflow id="99" from="p_str6" to="empty" fromId="91" toId="12">
</dataflow>
<dataflow id="100" from="p_str6" to="empty" fromId="91" toId="12">
</dataflow>
<dataflow id="101" from="p_str6" to="empty" fromId="91" toId="12">
</dataflow>
<dataflow id="102" from="p_str6" to="empty" fromId="91" toId="12">
</dataflow>
<dataflow id="103" from="_ssdm_op_SpecInterface" to="StgValue_13" fromId="66" toId="13">
</dataflow>
<dataflow id="104" from="regs_V" to="StgValue_13" fromId="41" toId="13">
</dataflow>
<dataflow id="105" from="p_str" to="StgValue_13" fromId="70" toId="13">
</dataflow>
<dataflow id="106" from="StgValue_68" to="StgValue_13" fromId="68" toId="13">
</dataflow>
<dataflow id="107" from="StgValue_68" to="StgValue_13" fromId="68" toId="13">
</dataflow>
<dataflow id="108" from="p_str1" to="StgValue_13" fromId="74" toId="13">
</dataflow>
<dataflow id="109" from="StgValue_68" to="StgValue_13" fromId="68" toId="13">
</dataflow>
<dataflow id="110" from="StgValue_68" to="StgValue_13" fromId="68" toId="13">
</dataflow>
<dataflow id="111" from="p_str2" to="StgValue_13" fromId="78" toId="13">
</dataflow>
<dataflow id="112" from="p_str1" to="StgValue_13" fromId="74" toId="13">
</dataflow>
<dataflow id="113" from="p_str1" to="StgValue_13" fromId="74" toId="13">
</dataflow>
<dataflow id="114" from="StgValue_68" to="StgValue_13" fromId="68" toId="13">
</dataflow>
<dataflow id="115" from="StgValue_68" to="StgValue_13" fromId="68" toId="13">
</dataflow>
<dataflow id="116" from="StgValue_68" to="StgValue_13" fromId="68" toId="13">
</dataflow>
<dataflow id="117" from="StgValue_68" to="StgValue_13" fromId="68" toId="13">
</dataflow>
<dataflow id="118" from="p_str1" to="StgValue_13" fromId="74" toId="13">
</dataflow>
<dataflow id="119" from="p_str1" to="StgValue_13" fromId="74" toId="13">
</dataflow>
<dataflow id="120" from="_ssdm_op_SpecInterface" to="StgValue_14" fromId="66" toId="14">
</dataflow>
<dataflow id="121" from="IOMEM" to="StgValue_14" fromId="40" toId="14">
</dataflow>
<dataflow id="123" from="p_str3" to="StgValue_14" fromId="122" toId="14">
</dataflow>
<dataflow id="124" from="StgValue_68" to="StgValue_14" fromId="68" toId="14">
</dataflow>
<dataflow id="125" from="StgValue_68" to="StgValue_14" fromId="68" toId="14">
</dataflow>
<dataflow id="126" from="p_str1" to="StgValue_14" fromId="74" toId="14">
</dataflow>
<dataflow id="127" from="StgValue_68" to="StgValue_14" fromId="68" toId="14">
</dataflow>
<dataflow id="128" from="StgValue_68" to="StgValue_14" fromId="68" toId="14">
</dataflow>
<dataflow id="130" from="p_str4" to="StgValue_14" fromId="129" toId="14">
</dataflow>
<dataflow id="131" from="p_str1" to="StgValue_14" fromId="74" toId="14">
</dataflow>
<dataflow id="132" from="p_str1" to="StgValue_14" fromId="74" toId="14">
</dataflow>
<dataflow id="134" from="StgValue_133" to="StgValue_14" fromId="133" toId="14">
</dataflow>
<dataflow id="135" from="StgValue_133" to="StgValue_14" fromId="133" toId="14">
</dataflow>
<dataflow id="136" from="StgValue_133" to="StgValue_14" fromId="133" toId="14">
</dataflow>
<dataflow id="137" from="StgValue_133" to="StgValue_14" fromId="133" toId="14">
</dataflow>
<dataflow id="138" from="p_str1" to="StgValue_14" fromId="74" toId="14">
</dataflow>
<dataflow id="139" from="p_str1" to="StgValue_14" fromId="74" toId="14">
</dataflow>
<dataflow id="140" from="_ssdm_op_SpecInterface" to="StgValue_15" fromId="66" toId="15">
</dataflow>
<dataflow id="141" from="leds_V" to="StgValue_15" fromId="44" toId="15">
</dataflow>
<dataflow id="143" from="p_str5" to="StgValue_15" fromId="142" toId="15">
</dataflow>
<dataflow id="144" from="StgValue_68" to="StgValue_15" fromId="68" toId="15">
</dataflow>
<dataflow id="145" from="StgValue_68" to="StgValue_15" fromId="68" toId="15">
</dataflow>
<dataflow id="146" from="p_str1" to="StgValue_15" fromId="74" toId="15">
</dataflow>
<dataflow id="147" from="StgValue_68" to="StgValue_15" fromId="68" toId="15">
</dataflow>
<dataflow id="148" from="StgValue_68" to="StgValue_15" fromId="68" toId="15">
</dataflow>
<dataflow id="149" from="p_str1" to="StgValue_15" fromId="74" toId="15">
</dataflow>
<dataflow id="150" from="p_str1" to="StgValue_15" fromId="74" toId="15">
</dataflow>
<dataflow id="151" from="p_str1" to="StgValue_15" fromId="74" toId="15">
</dataflow>
<dataflow id="152" from="StgValue_68" to="StgValue_15" fromId="68" toId="15">
</dataflow>
<dataflow id="153" from="StgValue_68" to="StgValue_15" fromId="68" toId="15">
</dataflow>
<dataflow id="154" from="StgValue_68" to="StgValue_15" fromId="68" toId="15">
</dataflow>
<dataflow id="155" from="StgValue_68" to="StgValue_15" fromId="68" toId="15">
</dataflow>
<dataflow id="156" from="p_str1" to="StgValue_15" fromId="74" toId="15">
</dataflow>
<dataflow id="157" from="p_str1" to="StgValue_15" fromId="74" toId="15">
</dataflow>
<dataflow id="158" from="_ssdm_op_SpecInterface" to="StgValue_16" fromId="66" toId="16">
</dataflow>
<dataflow id="159" from="buttons_V" to="StgValue_16" fromId="42" toId="16">
</dataflow>
<dataflow id="160" from="p_str5" to="StgValue_16" fromId="142" toId="16">
</dataflow>
<dataflow id="161" from="StgValue_68" to="StgValue_16" fromId="68" toId="16">
</dataflow>
<dataflow id="162" from="StgValue_68" to="StgValue_16" fromId="68" toId="16">
</dataflow>
<dataflow id="163" from="p_str1" to="StgValue_16" fromId="74" toId="16">
</dataflow>
<dataflow id="164" from="StgValue_68" to="StgValue_16" fromId="68" toId="16">
</dataflow>
<dataflow id="165" from="StgValue_68" to="StgValue_16" fromId="68" toId="16">
</dataflow>
<dataflow id="166" from="p_str1" to="StgValue_16" fromId="74" toId="16">
</dataflow>
<dataflow id="167" from="p_str1" to="StgValue_16" fromId="74" toId="16">
</dataflow>
<dataflow id="168" from="p_str1" to="StgValue_16" fromId="74" toId="16">
</dataflow>
<dataflow id="169" from="StgValue_68" to="StgValue_16" fromId="68" toId="16">
</dataflow>
<dataflow id="170" from="StgValue_68" to="StgValue_16" fromId="68" toId="16">
</dataflow>
<dataflow id="171" from="StgValue_68" to="StgValue_16" fromId="68" toId="16">
</dataflow>
<dataflow id="172" from="StgValue_68" to="StgValue_16" fromId="68" toId="16">
</dataflow>
<dataflow id="173" from="p_str1" to="StgValue_16" fromId="74" toId="16">
</dataflow>
<dataflow id="174" from="p_str1" to="StgValue_16" fromId="74" toId="16">
</dataflow>
<dataflow id="176" from="_ssdm_op_SpecReset" to="StgValue_17" fromId="175" toId="17">
</dataflow>
<dataflow id="177" from="led_state_V" to="StgValue_17" fromId="45" toId="17">
</dataflow>
<dataflow id="179" from="StgValue_178" to="StgValue_17" fromId="178" toId="17">
</dataflow>
<dataflow id="180" from="p_str1" to="StgValue_17" fromId="74" toId="17">
</dataflow>
<dataflow id="181" from="led_state_V" to="led_state_V_load" fromId="45" toId="18">
</dataflow>
<dataflow id="182" from="led_state_V_load" to="led_state_V_assign" fromId="18" toId="19">
</dataflow>
<dataflow id="184" from="StgValue_183" to="led_state_V_assign" fromId="183" toId="19">
</dataflow>
<dataflow id="185" from="led_state_V_assign" to="StgValue_20" fromId="19" toId="20">
</dataflow>
<dataflow id="186" from="led_state_V" to="StgValue_20" fromId="45" toId="20">
</dataflow>
<dataflow id="188" from="_ssdm_op_Write.ap_none.i4P" to="StgValue_21" fromId="187" toId="21">
</dataflow>
<dataflow id="189" from="leds_V" to="StgValue_21" fromId="44" toId="21">
</dataflow>
<dataflow id="190" from="led_state_V_assign" to="StgValue_21" fromId="19" toId="21">
</dataflow>
<dataflow id="191" from="buttons_V_read" to="p_s" fromId="8" toId="22">
</dataflow>
<dataflow id="192" from="regs_V" to="regs_V_addr" fromId="41" toId="23">
</dataflow>
<dataflow id="194" from="StgValue_193" to="regs_V_addr" fromId="193" toId="23">
</dataflow>
<dataflow id="195" from="StgValue_193" to="regs_V_addr" fromId="193" toId="23">
</dataflow>
<dataflow id="196" from="p_s" to="StgValue_24" fromId="22" toId="24">
</dataflow>
<dataflow id="197" from="regs_V_addr" to="StgValue_24" fromId="23" toId="24">
</dataflow>
<dataflow id="199" from="_ssdm_op_SpecRegionBegin" to="rbegin" fromId="198" toId="25">
</dataflow>
<dataflow id="201" from="delay_until_ms_MD_10" to="rbegin" fromId="200" toId="25">
</dataflow>
<dataflow id="203" from="_ssdm_op_SpecProtocol" to="StgValue_26" fromId="202" toId="26">
</dataflow>
<dataflow id="204" from="StgValue_68" to="StgValue_26" fromId="68" toId="26">
</dataflow>
<dataflow id="205" from="p_str1" to="StgValue_26" fromId="74" toId="26">
</dataflow>
<dataflow id="207" from="StgValue_206" to="p_014_0_i" fromId="206" toId="28">
<condition id="12">
<or_exp><and_exp></and_exp></or_exp>
</condition>
</dataflow>
<dataflow id="208" from="StgValue_27" to="p_014_0_i" fromId="27" toId="28">
</dataflow>
<dataflow id="209" from="ctr_V" to="p_014_0_i" fromId="31" toId="28">
<BackEdge/>
<condition id="13">
<or_exp><and_exp><literal name="tmp_1" val="0"/>
</and_exp></or_exp>
</condition>
</dataflow>
<dataflow id="210" from="StgValue_35" to="p_014_0_i" fromId="35" toId="28">
<BackEdge/>
</dataflow>
<dataflow id="211" from="p_014_0_i" to="tmp_1" fromId="28" toId="29">
</dataflow>
<dataflow id="213" from="StgValue_212" to="tmp_1" fromId="212" toId="29">
</dataflow>
<dataflow id="215" from="_ssdm_op_SpecLoopTripCount" to="empty_2" fromId="214" toId="30">
</dataflow>
<dataflow id="217" from="StgValue_216" to="empty_2" fromId="216" toId="30">
</dataflow>
<dataflow id="218" from="StgValue_216" to="empty_2" fromId="216" toId="30">
</dataflow>
<dataflow id="219" from="StgValue_216" to="empty_2" fromId="216" toId="30">
</dataflow>
<dataflow id="220" from="p_014_0_i" to="ctr_V" fromId="28" toId="31">
</dataflow>
<dataflow id="222" from="StgValue_221" to="ctr_V" fromId="221" toId="31">
</dataflow>
<dataflow id="223" from="tmp_1" to="StgValue_32" fromId="29" toId="32">
</dataflow>
<dataflow id="224" from="dummy" to="dummy_1" fromId="9" toId="33">
</dataflow>
<dataflow id="225" from="dummy_1" to="StgValue_34" fromId="33" toId="34">
</dataflow>
<dataflow id="226" from="dummy" to="StgValue_34" fromId="9" toId="34">
</dataflow>
<dataflow id="228" from="_ssdm_op_SpecRegionEnd" to="rend" fromId="227" toId="36">
</dataflow>
<dataflow id="229" from="delay_until_ms_MD_10" to="rend" fromId="200" toId="36">
</dataflow>
<dataflow id="230" from="rbegin" to="rend" fromId="25" toId="36">
</dataflow>
<dataflow id="231" from="tmp_1" to="StgValue_2" fromId="29" toId="2">
</dataflow>
</dataflows>


</stg>
