<stg><name>atoi</name>


<trans_list>

<trans id="16" from="1" to="2">
<condition id="2">
<or_exp><and_exp></and_exp></or_exp>
</condition>
</trans>
</trans_list>



<state_list>

<state id="1" st_id="1">

<operation id="3" st_id="1" stage="1" lat="1">
<core>NULL</core>
<MemPortIdVec></MemPortIdVec>
<condition id="0">
<or_exp><and_exp></and_exp></or_exp>
</condition>

<Node id="10" bw="3" op_0_bw="1" op_1_bw="64" op_2_bw="64">
<![CDATA[
:7  %in_addr = getelementptr [6 x i1]* %in_r, i64 0, i64 5

]]></Node>
<StgValue><ssdm name="in_addr"/></StgValue>
</operation>

<operation id="4" st_id="1" stage="2" lat="2">
<core>RAM_1P</core>
<MemPortIdVec>0 </MemPortIdVec>
<condition id="0">
<or_exp><and_exp></and_exp></or_exp>
</condition>

<Node id="11" bw="1" op_0_bw="3">
<![CDATA[
:8  %in_load = load i1* %in_addr, align 1

]]></Node>
<StgValue><ssdm name="in_load"/></StgValue>
</operation>
</state>

<state id="2" st_id="2">

<operation id="5" st_id="2" stage="1" lat="1">
<core>NULL</core>
<MemPortIdVec></MemPortIdVec>
<condition id="1">
<or_exp><and_exp></and_exp></or_exp>
</condition>

<Node id="3" bw="0" op_0_bw="0" op_1_bw="1">
<![CDATA[
:0  call void (...)* @_ssdm_op_SpecBitsMap([6 x i1]* %in_r), !map !29

]]></Node>
<StgValue><ssdm name=""/></StgValue>
</operation>

<operation id="6" st_id="2" stage="1" lat="1">
<core>NULL</core>
<MemPortIdVec></MemPortIdVec>
<condition id="1">
<or_exp><and_exp></and_exp></or_exp>
</condition>

<Node id="4" bw="0" op_0_bw="0" op_1_bw="6">
<![CDATA[
:1  call void (...)* @_ssdm_op_SpecBitsMap(i6* %out_V), !map !35

]]></Node>
<StgValue><ssdm name=""/></StgValue>
</operation>

<operation id="7" st_id="2" stage="1" lat="1">
<core>NULL</core>
<MemPortIdVec></MemPortIdVec>
<condition id="1">
<or_exp><and_exp></and_exp></or_exp>
</condition>

<Node id="5" bw="0" op_0_bw="0" op_1_bw="0">
<![CDATA[
:2  call void (...)* @_ssdm_op_SpecTopModule([5 x i8]* @atoi_str) nounwind

]]></Node>
<StgValue><ssdm name=""/></StgValue>
</operation>

<operation id="8" st_id="2" stage="1" lat="1">
<core>NULL</core>
<MemPortIdVec></MemPortIdVec>
<condition id="1">
<or_exp><and_exp></and_exp></or_exp>
</condition>

<Node id="6" bw="32" op_0_bw="32" op_1_bw="1" op_2_bw="0" op_3_bw="0" op_4_bw="0" op_5_bw="32" op_6_bw="0" op_7_bw="0" op_8_bw="0" op_9_bw="0" op_10_bw="0">
<![CDATA[
:3  %empty = call i32 (...)* @_ssdm_op_SpecMemCore([6 x i1]* %in_r, [1 x i8]* @p_str3, [7 x i8]* @RAM_1P_str, [1 x i8]* @p_str3, i32 -1, [1 x i8]* @p_str3, [1 x i8]* @p_str3, [1 x i8]* @p_str3, [1 x i8]* @p_str3, [1 x i8]* @p_str3)

]]></Node>
<StgValue><ssdm name="empty"/></StgValue>
</operation>

<operation id="9" st_id="2" stage="1" lat="1">
<core>NULL</core>
<MemPortIdVec></MemPortIdVec>
<condition id="1">
<or_exp><and_exp></and_exp></or_exp>
</condition>

<Node id="7" bw="0" op_0_bw="0" op_1_bw="1" op_2_bw="0" op_3_bw="32" op_4_bw="32" op_5_bw="0" op_6_bw="32" op_7_bw="32" op_8_bw="0" op_9_bw="0" op_10_bw="0" op_11_bw="32" op_12_bw="32" op_13_bw="32" op_14_bw="32" op_15_bw="0" op_16_bw="0">
<![CDATA[
:4  call void (...)* @_ssdm_op_SpecInterface([6 x i1]* %in_r, [10 x i8]* @p_str, i32 0, i32 0, [1 x i8]* @p_str1, i32 0, i32 0, [1 x i8]* @p_str1, [1 x i8]* @p_str1, [1 x i8]* @p_str1, i32 0, i32 0, i32 0, i32 0, [1 x i8]* @p_str1, [1 x i8]* @p_str1) nounwind

]]></Node>
<StgValue><ssdm name=""/></StgValue>
</operation>

<operation id="10" st_id="2" stage="1" lat="1">
<core>NULL</core>
<MemPortIdVec></MemPortIdVec>
<condition id="1">
<or_exp><and_exp></and_exp></or_exp>
</condition>

<Node id="8" bw="0" op_0_bw="0" op_1_bw="6" op_2_bw="0" op_3_bw="32" op_4_bw="32" op_5_bw="0" op_6_bw="32" op_7_bw="32" op_8_bw="0" op_9_bw="0" op_10_bw="0" op_11_bw="32" op_12_bw="32" op_13_bw="32" op_14_bw="32" op_15_bw="0" op_16_bw="0">
<![CDATA[
:5  call void (...)* @_ssdm_op_SpecInterface(i6* %out_V, [8 x i8]* @p_str2, i32 0, i32 0, [1 x i8]* @p_str1, i32 0, i32 0, [1 x i8]* @p_str1, [1 x i8]* @p_str1, [1 x i8]* @p_str1, i32 0, i32 0, i32 0, i32 0, [1 x i8]* @p_str1, [1 x i8]* @p_str1) nounwind

]]></Node>
<StgValue><ssdm name=""/></StgValue>
</operation>

<operation id="11" st_id="2" stage="1" lat="1">
<core>NULL</core>
<MemPortIdVec></MemPortIdVec>
<condition id="1">
<or_exp><and_exp></and_exp></or_exp>
</condition>

<Node id="9" bw="0" op_0_bw="0" op_1_bw="32" op_2_bw="0" op_3_bw="32" op_4_bw="32" op_5_bw="0" op_6_bw="32" op_7_bw="32" op_8_bw="0" op_9_bw="0" op_10_bw="0" op_11_bw="32" op_12_bw="32" op_13_bw="32" op_14_bw="32" op_15_bw="0" op_16_bw="0">
<![CDATA[
:6  call void (...)* @_ssdm_op_SpecInterface(i32 0, [10 x i8]* @p_str, i32 0, i32 0, [1 x i8]* @p_str1, i32 0, i32 0, [1 x i8]* @p_str1, [1 x i8]* @p_str1, [1 x i8]* @p_str1, i32 0, i32 0, i32 0, i32 0, [1 x i8]* @p_str1, [1 x i8]* @p_str1) nounwind

]]></Node>
<StgValue><ssdm name=""/></StgValue>
</operation>

<operation id="12" st_id="2" stage="1" lat="2">
<core>RAM_1P</core>
<MemPortIdVec>0 </MemPortIdVec>
<condition id="1">
<or_exp><and_exp></and_exp></or_exp>
</condition>

<Node id="11" bw="1" op_0_bw="3">
<![CDATA[
:8  %in_load = load i1* %in_addr, align 1

]]></Node>
<StgValue><ssdm name="in_load"/></StgValue>
</operation>

<operation id="13" st_id="2" stage="1" lat="1">
<core>NULL</core>
<MemPortIdVec></MemPortIdVec>
<condition id="1">
<or_exp><and_exp></and_exp></or_exp>
</condition>

<Node id="12" bw="6" op_0_bw="6" op_1_bw="1" op_2_bw="5">
<![CDATA[
:9  %val_assign_5 = call i6 @_ssdm_op_BitConcatenate.i6.i1.i5(i1 %in_load, i5 0)

]]></Node>
<StgValue><ssdm name="val_assign_5"/></StgValue>
</operation>

<operation id="14" st_id="2" stage="1" lat="1">
<core>NULL</core>
<MemPortIdVec></MemPortIdVec>
<condition id="1">
<or_exp><and_exp></and_exp></or_exp>
</condition>

<Node id="13" bw="0" op_0_bw="0" op_1_bw="6" op_2_bw="6">
<![CDATA[
:10  call void @_ssdm_op_Write.ap_none.i6P(i6* %out_V, i6 %val_assign_5)

]]></Node>
<StgValue><ssdm name=""/></StgValue>
</operation>

<operation id="15" st_id="2" stage="1" lat="1">
<core>NULL</core>
<MemPortIdVec></MemPortIdVec>
<condition id="1">
<or_exp><and_exp></and_exp></or_exp>
</condition>

<Node id="14" bw="0">
<![CDATA[
:11  ret void

]]></Node>
<StgValue><ssdm name=""/></StgValue>
</operation>
</state>
</state_list>


<ports>
<port id="17" name="in_r" dir="0" iftype="1">
<core>RAM_1P</core><StgValue><ssdm name="in_r"/><MemPortTyVec>1 </MemPortTyVec>
</StgValue>
</port>
<port id="18" name="out_V" dir="1" iftype="0">
<core>NULL</core><StgValue><ssdm name="out_V"/></StgValue>
</port>
</ports>


<dataflows>
<dataflow id="19" from="in_r" to="in_addr" fromId="17" toId="3">
</dataflow>
<dataflow id="21" from="StgValue_20" to="in_addr" fromId="20" toId="3">
</dataflow>
<dataflow id="23" from="StgValue_22" to="in_addr" fromId="22" toId="3">
</dataflow>
<dataflow id="24" from="in_addr" to="in_load" fromId="3" toId="4">
</dataflow>
<dataflow id="26" from="_ssdm_op_SpecBitsMap" to="StgValue_5" fromId="25" toId="5">
</dataflow>
<dataflow id="27" from="in_r" to="StgValue_5" fromId="17" toId="5">
</dataflow>
<dataflow id="28" from="_ssdm_op_SpecBitsMap" to="StgValue_6" fromId="25" toId="6">
</dataflow>
<dataflow id="29" from="out_V" to="StgValue_6" fromId="18" toId="6">
</dataflow>
<dataflow id="31" from="_ssdm_op_SpecTopModule" to="StgValue_7" fromId="30" toId="7">
</dataflow>
<dataflow id="33" from="atoi_str" to="StgValue_7" fromId="32" toId="7">
</dataflow>
<dataflow id="35" from="_ssdm_op_SpecMemCore" to="empty" fromId="34" toId="8">
</dataflow>
<dataflow id="36" from="in_r" to="empty" fromId="17" toId="8">
</dataflow>
<dataflow id="38" from="p_str3" to="empty" fromId="37" toId="8">
</dataflow>
<dataflow id="40" from="RAM_1P_str" to="empty" fromId="39" toId="8">
</dataflow>
<dataflow id="41" from="p_str3" to="empty" fromId="37" toId="8">
</dataflow>
<dataflow id="43" from="StgValue_42" to="empty" fromId="42" toId="8">
</dataflow>
<dataflow id="44" from="p_str3" to="empty" fromId="37" toId="8">
</dataflow>
<dataflow id="45" from="p_str3" to="empty" fromId="37" toId="8">
</dataflow>
<dataflow id="46" from="p_str3" to="empty" fromId="37" toId="8">
</dataflow>
<dataflow id="47" from="p_str3" to="empty" fromId="37" toId="8">
</dataflow>
<dataflow id="48" from="p_str3" to="empty" fromId="37" toId="8">
</dataflow>
<dataflow id="50" from="_ssdm_op_SpecInterface" to="StgValue_9" fromId="49" toId="9">
</dataflow>
<dataflow id="51" from="in_r" to="StgValue_9" fromId="17" toId="9">
</dataflow>
<dataflow id="53" from="p_str" to="StgValue_9" fromId="52" toId="9">
</dataflow>
<dataflow id="55" from="StgValue_54" to="StgValue_9" fromId="54" toId="9">
</dataflow>
<dataflow id="56" from="StgValue_54" to="StgValue_9" fromId="54" toId="9">
</dataflow>
<dataflow id="58" from="p_str1" to="StgValue_9" fromId="57" toId="9">
</dataflow>
<dataflow id="59" from="StgValue_54" to="StgValue_9" fromId="54" toId="9">
</dataflow>
<dataflow id="60" from="StgValue_54" to="StgValue_9" fromId="54" toId="9">
</dataflow>
<dataflow id="61" from="p_str1" to="StgValue_9" fromId="57" toId="9">
</dataflow>
<dataflow id="62" from="p_str1" to="StgValue_9" fromId="57" toId="9">
</dataflow>
<dataflow id="63" from="p_str1" to="StgValue_9" fromId="57" toId="9">
</dataflow>
<dataflow id="64" from="StgValue_54" to="StgValue_9" fromId="54" toId="9">
</dataflow>
<dataflow id="65" from="StgValue_54" to="StgValue_9" fromId="54" toId="9">
</dataflow>
<dataflow id="66" from="StgValue_54" to="StgValue_9" fromId="54" toId="9">
</dataflow>
<dataflow id="67" from="StgValue_54" to="StgValue_9" fromId="54" toId="9">
</dataflow>
<dataflow id="68" from="p_str1" to="StgValue_9" fromId="57" toId="9">
</dataflow>
<dataflow id="69" from="p_str1" to="StgValue_9" fromId="57" toId="9">
</dataflow>
<dataflow id="70" from="_ssdm_op_SpecInterface" to="StgValue_10" fromId="49" toId="10">
</dataflow>
<dataflow id="71" from="out_V" to="StgValue_10" fromId="18" toId="10">
</dataflow>
<dataflow id="73" from="p_str2" to="StgValue_10" fromId="72" toId="10">
</dataflow>
<dataflow id="74" from="StgValue_54" to="StgValue_10" fromId="54" toId="10">
</dataflow>
<dataflow id="75" from="StgValue_54" to="StgValue_10" fromId="54" toId="10">
</dataflow>
<dataflow id="76" from="p_str1" to="StgValue_10" fromId="57" toId="10">
</dataflow>
<dataflow id="77" from="StgValue_54" to="StgValue_10" fromId="54" toId="10">
</dataflow>
<dataflow id="78" from="StgValue_54" to="StgValue_10" fromId="54" toId="10">
</dataflow>
<dataflow id="79" from="p_str1" to="StgValue_10" fromId="57" toId="10">
</dataflow>
<dataflow id="80" from="p_str1" to="StgValue_10" fromId="57" toId="10">
</dataflow>
<dataflow id="81" from="p_str1" to="StgValue_10" fromId="57" toId="10">
</dataflow>
<dataflow id="82" from="StgValue_54" to="StgValue_10" fromId="54" toId="10">
</dataflow>
<dataflow id="83" from="StgValue_54" to="StgValue_10" fromId="54" toId="10">
</dataflow>
<dataflow id="84" from="StgValue_54" to="StgValue_10" fromId="54" toId="10">
</dataflow>
<dataflow id="85" from="StgValue_54" to="StgValue_10" fromId="54" toId="10">
</dataflow>
<dataflow id="86" from="p_str1" to="StgValue_10" fromId="57" toId="10">
</dataflow>
<dataflow id="87" from="p_str1" to="StgValue_10" fromId="57" toId="10">
</dataflow>
<dataflow id="88" from="_ssdm_op_SpecInterface" to="StgValue_11" fromId="49" toId="11">
</dataflow>
<dataflow id="89" from="StgValue_54" to="StgValue_11" fromId="54" toId="11">
</dataflow>
<dataflow id="90" from="p_str" to="StgValue_11" fromId="52" toId="11">
</dataflow>
<dataflow id="91" from="StgValue_54" to="StgValue_11" fromId="54" toId="11">
</dataflow>
<dataflow id="92" from="StgValue_54" to="StgValue_11" fromId="54" toId="11">
</dataflow>
<dataflow id="93" from="p_str1" to="StgValue_11" fromId="57" toId="11">
</dataflow>
<dataflow id="94" from="StgValue_54" to="StgValue_11" fromId="54" toId="11">
</dataflow>
<dataflow id="95" from="StgValue_54" to="StgValue_11" fromId="54" toId="11">
</dataflow>
<dataflow id="96" from="p_str1" to="StgValue_11" fromId="57" toId="11">
</dataflow>
<dataflow id="97" from="p_str1" to="StgValue_11" fromId="57" toId="11">
</dataflow>
<dataflow id="98" from="p_str1" to="StgValue_11" fromId="57" toId="11">
</dataflow>
<dataflow id="99" from="StgValue_54" to="StgValue_11" fromId="54" toId="11">
</dataflow>
<dataflow id="100" from="StgValue_54" to="StgValue_11" fromId="54" toId="11">
</dataflow>
<dataflow id="101" from="StgValue_54" to="StgValue_11" fromId="54" toId="11">
</dataflow>
<dataflow id="102" from="StgValue_54" to="StgValue_11" fromId="54" toId="11">
</dataflow>
<dataflow id="103" from="p_str1" to="StgValue_11" fromId="57" toId="11">
</dataflow>
<dataflow id="104" from="p_str1" to="StgValue_11" fromId="57" toId="11">
</dataflow>
<dataflow id="105" from="in_addr" to="in_load" fromId="3" toId="12">
</dataflow>
<dataflow id="107" from="_ssdm_op_BitConcatenate.i6.i1.i5" to="val_assign_5" fromId="106" toId="13">
</dataflow>
<dataflow id="108" from="in_load" to="val_assign_5" fromId="12" toId="13">
</dataflow>
<dataflow id="110" from="StgValue_109" to="val_assign_5" fromId="109" toId="13">
</dataflow>
<dataflow id="112" from="_ssdm_op_Write.ap_none.i6P" to="StgValue_14" fromId="111" toId="14">
</dataflow>
<dataflow id="113" from="out_V" to="StgValue_14" fromId="18" toId="14">
</dataflow>
<dataflow id="114" from="val_assign_5" to="StgValue_14" fromId="13" toId="14">
</dataflow>
</dataflows>


</stg>
