<?xml version="1.0" encoding="UTF-8"?>
<GenRun Id="pwm_processing_system7_0_0_synth_1" LaunchPart="xc7z020clg400-1" LaunchTime="1532388670">
  <File Type="RDS-UTIL-PB" Name="pwm_processing_system7_0_0_utilization_synth.pb"/>
  <File Type="RDS-UTIL" Name="pwm_processing_system7_0_0_utilization_synth.rpt"/>
  <File Type="RDS-RDS" Name="pwm_processing_system7_0_0.vds"/>
  <File Type="RDS-DCP" Name="pwm_processing_system7_0_0.dcp"/>
  <File Type="PA-TCL" Name="pwm_processing_system7_0_0.tcl"/>
  <File Type="REPORTS-TCL" Name="pwm_processing_system7_0_0_reports.tcl"/>
  <FileSet Name="sources" Type="BlockSrcs" RelSrcDir="$PSRCDIR/pwm_processing_system7_0_0">
    <File Path="$PSRCDIR/sources_1/bd/pwm/ip/pwm_processing_system7_0_0/pwm_processing_system7_0_0.xci">
      <FileInfo>
        <Attr Name="UsedIn" Val="synthesis"/>
        <Attr Name="UsedIn" Val="implementation"/>
        <Attr Name="UsedIn" Val="simulation"/>
      </FileInfo>
    </File>
    <Config>
      <Option Name="TopModule" Val="pwm_processing_system7_0_0"/>
      <Option Name="UseBlackboxStub" Val="1"/>
    </Config>
  </FileSet>
  <FileSet Name="constrs_in" Type="BlockSrcs" RelSrcDir="$PSRCDIR/pwm_processing_system7_0_0">
    <File Path="$PSRCDIR/sources_1/bd/pwm/ip/pwm_processing_system7_0_0/pwm_processing_system7_0_0.xci">
      <FileInfo>
        <Attr Name="UsedIn" Val="synthesis"/>
        <Attr Name="UsedIn" Val="implementation"/>
        <Attr Name="UsedIn" Val="simulation"/>
      </FileInfo>
    </File>
    <Config>
      <Option Name="TopModule" Val="pwm_processing_system7_0_0"/>
      <Option Name="UseBlackboxStub" Val="1"/>
    </Config>
  </FileSet>
  <Strategy Version="1" Minor="2">
    <StratHandle Name="Vivado Synthesis Defaults" Flow="Vivado Synthesis 2017"/>
    <Step Id="synth_design"/>
  </Strategy>
</GenRun>
