{
  "Top": "pwm",
  "RtlTop": "pwm",
  "RtlPrefix": "",
  "SourceLanguage": "cpp",
  "ResetStyle": "control",
  "GenerateBdFiles": "0",
  "HostMachineBits": "64",
  "Target": {
    "Family": "zynq",
    "Device": "xc7z020",
    "Package": "clg400",
    "Speed": "-1"
  },
  "HlsSolution": {
    
  },
  "ClockInfo": {
    "ClockName": "ap_clk",
    "ClockPeriod": "4",
    "IsCombLogic": "0",
    "II": "x",
    "Latency": "8",
    "Uncertainty": "0.5"
  },
  "Xdc": {"OocClocks": ["create_clock -name ap_clk -period 4.000 [get_ports ap_clk]"]},
  "Ipx": {
    "Vendor": "UCSD",
    "Library": "hlsip",
    "Name": "pwm",
    "Version": "1.0",
    "DisplayName": "Pwm",
    "Description": "HLS Core: Pwm Function",
    "Taxonomy": "\/VIVADO_HLS_IP"
  },
  "Files": {
    "CSource": [
      "..\/..\/pwm.cpp",
      "..\/..\/main.cpp"
    ],
    "Vhdl": [
      "impl\/vhdl\/pwm_AXILiteS_s_axi.vhd",
      "impl\/vhdl\/pwm.vhd"
    ],
    "Verilog": [
      "impl\/verilog\/pwm_AXILiteS_s_axi.v",
      "impl\/verilog\/pwm.v"
    ],
    "SwDriver": [
      "impl\/misc\/drivers\/pwm_v1_0\/data\/pwm.mdd",
      "impl\/misc\/drivers\/pwm_v1_0\/data\/pwm.tcl",
      "impl\/misc\/drivers\/pwm_v1_0\/src\/Makefile",
      "impl\/misc\/drivers\/pwm_v1_0\/src\/xpwm.c",
      "impl\/misc\/drivers\/pwm_v1_0\/src\/xpwm.h",
      "impl\/misc\/drivers\/pwm_v1_0\/src\/xpwm_hw.h",
      "impl\/misc\/drivers\/pwm_v1_0\/src\/xpwm_linux.c",
      "impl\/misc\/drivers\/pwm_v1_0\/src\/xpwm_sinit.c"
    ],
    "Misc": ["impl\/misc\/logo.png"]
  },
  "SubcoreInfo": {
    "HasXpmMemory": false,
    "HasClockedDsp": false,
    "IP": []
  },
  "Interfaces": {
    "ap_clk": {
      "type": "clock",
      "ctype": {"CLK": {"Type": "bool"}},
      "buses": "s_axi_AXILiteS",
      "reset": "ap_rst_n"
    },
    "ap_rst_n": {
      "type": "reset",
      "polarity": "ACTIVE_LOW",
      "ctype": {"RST": {"Type": "bool"}}
    },
    "interrupt": {
      "type": "interrupt",
      "ctype": {"INTERRUPT": {"Type": "bool"}}
    },
    "out_V": {
      "type": "data",
      "dir": "out",
      "width": "6",
      "ctype": {"DATA": {
          "Type": "integer unsigned",
          "Width": "6"
        }}
    },
    "s_axi_AXILiteS": {
      "type": "axi4lite",
      "is_adaptor": "true",
      "mode": "slave",
      "port_prefix": "s_axi_AXILiteS",
      "param_prefix": "C_S_AXI_AXILITES",
      "addr_bits": "5",
      "registers": [
        {
          "offset": "0x00",
          "name": "CTRL",
          "access": "RW",
          "reset_value": "0x0",
          "description": "Control signals",
          "fields": [
            {
              "offset": "0",
              "width": "1",
              "name": "AP_START",
              "access": "RW",
              "reset_value": "0",
              "description": "Control signal Register for 'ap_start'."
            },
            {
              "offset": "1",
              "width": "1",
              "name": "AP_DONE",
              "access": "R",
              "reset_value": "0",
              "description": "Control signal Register for 'ap_done'."
            },
            {
              "offset": "2",
              "width": "1",
              "name": "AP_IDLE",
              "access": "R",
              "reset_value": "0",
              "description": "Control signal Register for 'ap_idle'."
            },
            {
              "offset": "3",
              "width": "1",
              "name": "AP_READY",
              "access": "R",
              "reset_value": "0",
              "description": "Control signal Register for 'ap_ready'."
            },
            {
              "offset": "4",
              "width": "3",
              "name": "RESERVED_1",
              "access": "R",
              "reset_value": "0",
              "description": "Reserved.  0s on read."
            },
            {
              "offset": "7",
              "width": "1",
              "name": "AUTO_RESTART",
              "access": "RW",
              "reset_value": "0",
              "description": "Control signal Register for 'auto_restart'."
            },
            {
              "offset": "8",
              "width": "24",
              "name": "RESERVED_2",
              "access": "R",
              "reset_value": "0",
              "description": "Reserved.  0s on read."
            }
          ]
        },
        {
          "offset": "0x04",
          "name": "GIER",
          "access": "RW",
          "reset_value": "0x0",
          "description": "Global Interrupt Enable Register",
          "fields": [
            {
              "offset": "0",
              "width": "1",
              "name": "Enable",
              "access": "RW",
              "reset_value": "0",
              "description": "Master enable for the device interrupt output to the system interrupt controller: 0 = Disabled, 1 = Enabled"
            },
            {
              "offset": "1",
              "width": "31",
              "name": "RESERVED",
              "access": "R",
              "reset_value": "0",
              "description": "Reserved.  0s on read."
            }
          ]
        },
        {
          "offset": "0x08",
          "name": "IP_IER",
          "access": "RW",
          "reset_value": "0x0",
          "description": "IP Interrupt Enable Register",
          "fields": [
            {
              "offset": "0",
              "width": "1",
              "name": "CHAN0_INT_EN",
              "access": "RW",
              "reset_value": "0",
              "description": "Enable Channel 0 (ap_done) Interrupt.  0 = Disabled, 1 = Enabled."
            },
            {
              "offset": "1",
              "width": "1",
              "name": "CHAN1_INT_EN",
              "access": "RW",
              "reset_value": "0",
              "description": "Enable Channel 1 (ap_ready) Interrupt.  0 = Disabled, 1 = Enabled."
            },
            {
              "offset": "2",
              "width": "30",
              "name": "RESERVED",
              "access": "R",
              "reset_value": "0",
              "description": "Reserved.  0s on read."
            }
          ]
        },
        {
          "offset": "0x0c",
          "name": "IP_ISR",
          "access": "RW",
          "reset_value": "0x0",
          "description": "IP Interrupt Status Register",
          "fields": [
            {
              "offset": "0",
              "width": "1",
              "name": "CHAN0_INT_ST",
              "access": "RTOW",
              "reset_value": "0",
              "description": "Channel 0 (ap_done) Interrupt Status. 0 = No Channel 0 input interrupt, 1 = Channel 0 input interrup"
            },
            {
              "offset": "1",
              "width": "1",
              "name": "CHAN1_INT_ST",
              "access": "RTOW",
              "reset_value": "0",
              "description": "Channel 1 (ap_ready) Interrupt Status. 0 = No Channel 1 input interrupt, 1 = Channel 1 input interrup"
            },
            {
              "offset": "2",
              "width": "30",
              "name": "RESERVED",
              "access": "R",
              "reset_value": "0",
              "description": "Reserved.  0s on read."
            }
          ]
        }
      ],
      "memories": "m_V {base_address 16 range 16}",
      "ctype": {
        "AWVALID": {"Type": "bool"},
        "AWREADY": {"Type": "bool"},
        "WVALID": {"Type": "bool"},
        "WREADY": {"Type": "bool"},
        "BVALID": {"Type": "bool"},
        "BREADY": {"Type": "bool"},
        "BRESP": {
          "Type": "integer unsigned",
          "Width": "2"
        },
        "ARVALID": {"Type": "bool"},
        "ARREADY": {"Type": "bool"},
        "RVALID": {"Type": "bool"},
        "RREADY": {"Type": "bool"},
        "RRESP": {
          "Type": "integer unsigned",
          "Width": "2"
        },
        "AWADDR": {
          "Type": "integer unsigned",
          "Width": "5"
        },
        "WDATA": {
          "Type": "integer unsigned",
          "Width": "16"
        },
        "WSTRB": {
          "Type": "integer unsigned",
          "Width": "4"
        },
        "ARADDR": {
          "Type": "integer unsigned",
          "Width": "5"
        },
        "RDATA": {
          "Type": "integer unsigned",
          "Width": "16"
        }
      },
      "data_width": "32",
      "port_width": {
        "ARADDR": "5",
        "AWADDR": "5",
        "RDATA": "32",
        "WDATA": "32",
        "WSTRB": "4"
      }
    }
  },
  "RtlPorts": {
    "s_axi_AXILiteS_AWVALID": {
      "dir": "in",
      "width": "1"
    },
    "s_axi_AXILiteS_AWREADY": {
      "dir": "out",
      "width": "1"
    },
    "s_axi_AXILiteS_AWADDR": {
      "dir": "in",
      "width": "5"
    },
    "s_axi_AXILiteS_WVALID": {
      "dir": "in",
      "width": "1"
    },
    "s_axi_AXILiteS_WREADY": {
      "dir": "out",
      "width": "1"
    },
    "s_axi_AXILiteS_WDATA": {
      "dir": "in",
      "width": "32"
    },
    "s_axi_AXILiteS_WSTRB": {
      "dir": "in",
      "width": "4"
    },
    "s_axi_AXILiteS_ARVALID": {
      "dir": "in",
      "width": "1"
    },
    "s_axi_AXILiteS_ARREADY": {
      "dir": "out",
      "width": "1"
    },
    "s_axi_AXILiteS_ARADDR": {
      "dir": "in",
      "width": "5"
    },
    "s_axi_AXILiteS_RVALID": {
      "dir": "out",
      "width": "1"
    },
    "s_axi_AXILiteS_RREADY": {
      "dir": "in",
      "width": "1"
    },
    "s_axi_AXILiteS_RDATA": {
      "dir": "out",
      "width": "32"
    },
    "s_axi_AXILiteS_RRESP": {
      "dir": "out",
      "width": "2"
    },
    "s_axi_AXILiteS_BVALID": {
      "dir": "out",
      "width": "1"
    },
    "s_axi_AXILiteS_BREADY": {
      "dir": "in",
      "width": "1"
    },
    "s_axi_AXILiteS_BRESP": {
      "dir": "out",
      "width": "2"
    },
    "ap_clk": {
      "dir": "in",
      "width": "1"
    },
    "ap_rst_n": {
      "dir": "in",
      "width": "1"
    },
    "interrupt": {
      "dir": "out",
      "width": "1",
      "isVector": "true"
    },
    "out_V": {
      "dir": "out",
      "width": "6"
    }
  },
  "CPorts": {
    "m_V": {
      "interfaceRef": "s_axi_AXILiteS",
      "dir": "in",
      "offset": "16",
      "statusOffset": "NA",
      "Object": "AXILiteS"
    },
    "ap_ctrl": {
      "interfaceRef": "s_axi_AXILiteS",
      "dir": "in",
      "offset": "0"
    },
    "out_V": {
      "interfaceRef": "out_V",
      "dir": "out",
      "dataWidth": "6",
      "handshakeRef": "ap_none",
      "firstOutLatency": "8"
    }
  },
  "ModuleInfo": {
    "Hierarchy": {"ModuleName": "pwm"},
    "Metrics": {"pwm": {
        "Latency": {
          "LatencyBest": "8",
          "LatencyAvg": "8",
          "LatencyWorst": "8",
          "PipelineII": "9",
          "PipelineDepth": "",
          "PipelineType": "none"
        },
        "Timing": {
          "Target": "4.00",
          "Uncertainty": "0.50",
          "Estimate": "2.43"
        },
        "Area": {
          "BRAM_18K": "2",
          "FF": "186",
          "LUT": "315",
          "DSP48E": "0"
        }
      }}
  },
  "GenData": {
    "DataVersion": "0.1",
    "Time": "2018-07-23 19:28:52 EDT",
    "ToolName": "vivado_hls",
    "ToolVersion": "2017.4"
  }
}
