<annotationInfo>
<item  id="25" filename="pwm.cpp" linenumber="60" name="tmp_4" contextFuncName="pwm" moduleName="pwm" rtlName="grp_fu_127_p2" latency="0" BRAM="-1" DSP="-1" FF="0" LUT="13" fileDirectory="/home/brennan/Documents/pynq-copter/pynqcopter/ip/pwm"></item>
<item  id="27" filename="pwm.cpp" linenumber="60" name="tmp_4_1" contextFuncName="pwm" moduleName="pwm" rtlName="tmp_4_1_fu_137_p2" latency="0" BRAM="-1" DSP="-1" FF="0" LUT="13" fileDirectory="/home/brennan/Documents/pynq-copter/pynqcopter/ip/pwm"></item>
<item  id="28" filename="pwm.cpp" linenumber="60" name="tmp_4_2" contextFuncName="pwm" moduleName="pwm" rtlName="grp_fu_127_p2" latency="0" BRAM="-1" DSP="-1" FF="0" LUT="13" fileDirectory="/home/brennan/Documents/pynq-copter/pynqcopter/ip/pwm"></item>
<item  id="29" filename="pwm.cpp" linenumber="60" name="tmp_4_3" contextFuncName="pwm" moduleName="pwm" rtlName="grp_fu_127_p2" latency="0" BRAM="-1" DSP="-1" FF="0" LUT="13" fileDirectory="/home/brennan/Documents/pynq-copter/pynqcopter/ip/pwm"></item>
<item  id="30" filename="pwm.cpp" linenumber="60" name="tmp_4_4" contextFuncName="pwm" moduleName="pwm" rtlName="grp_fu_127_p2" latency="0" BRAM="-1" DSP="-1" FF="0" LUT="13" fileDirectory="/home/brennan/Documents/pynq-copter/pynqcopter/ip/pwm"></item>
<item  id="31" filename="pwm.cpp" linenumber="60" name="tmp_4_5" contextFuncName="pwm" moduleName="pwm" rtlName="grp_fu_127_p2" latency="0" BRAM="-1" DSP="-1" FF="0" LUT="13" fileDirectory="/home/brennan/Documents/pynq-copter/pynqcopter/ip/pwm"></item>
<item  id="32" filename="pwm.cpp" linenumber="60" name="tmp1_demorgan" contextFuncName="pwm" moduleName="pwm" rtlName="tmp1_demorgan_fu_162_p3" latency="0" BRAM="-1" DSP="-1" FF="-1" LUT="-1" fileDirectory="/home/brennan/Documents/pynq-copter/pynqcopter/ip/pwm"></item>
<item  id="33" filename="pwm.cpp" linenumber="60" name="tmp1_demorgan_cast" contextFuncName="pwm" moduleName="pwm" rtlName="tmp1_demorgan_cast_fu_168_p1" latency="0" BRAM="-1" DSP="-1" FF="-1" LUT="-1" fileDirectory="/home/brennan/Documents/pynq-copter/pynqcopter/ip/pwm"></item>
<item  id="34" filename="pwm.cpp" linenumber="60" name="tmp1" contextFuncName="pwm" moduleName="pwm" rtlName="tmp1_fu_172_p2" latency="0" BRAM="-1" DSP="-1" FF="0" LUT="13" fileDirectory="/home/brennan/Documents/pynq-copter/pynqcopter/ip/pwm"></item>
<item  id="35" filename="pwm.cpp" linenumber="60" name="tmp" contextFuncName="pwm" moduleName="pwm" rtlName="tmp_fu_178_p2" latency="0" BRAM="-1" DSP="-1" FF="0" LUT="13" fileDirectory="/home/brennan/Documents/pynq-copter/pynqcopter/ip/pwm"></item>
<item  id="36" filename="pwm.cpp" linenumber="60" name="tmp2_demorgan" contextFuncName="pwm" moduleName="pwm" rtlName="tmp2_demorgan_fu_184_p6" latency="0" BRAM="-1" DSP="-1" FF="-1" LUT="-1" fileDirectory="/home/brennan/Documents/pynq-copter/pynqcopter/ip/pwm"></item>
<item  id="37" filename="pwm.cpp" linenumber="60" name="tmp2" contextFuncName="pwm" moduleName="pwm" rtlName="tmp2_fu_194_p2" latency="0" BRAM="-1" DSP="-1" FF="0" LUT="13" fileDirectory="/home/brennan/Documents/pynq-copter/pynqcopter/ip/pwm"></item>
<item  id="38" filename="pwm.cpp" linenumber="60" name="tmp_9_5" contextFuncName="pwm" moduleName="pwm" rtlName="tmp_9_5_fu_200_p2" latency="0" BRAM="-1" DSP="-1" FF="0" LUT="13" fileDirectory="/home/brennan/Documents/pynq-copter/pynqcopter/ip/pwm"></item>
<item  id="39" filename="pwm.cpp" linenumber="63" name="tmp_2" contextFuncName="pwm" moduleName="pwm" rtlName="tmp_2_fu_142_p2" latency="0" BRAM="-1" DSP="-1" FF="0" LUT="13" fileDirectory="/home/brennan/Documents/pynq-copter/pynqcopter/ip/pwm"></item>
<item  id="40" filename="pwm.cpp" linenumber="63" name="p_tmp_9_5" contextFuncName="pwm" moduleName="pwm" rtlName="p_tmp_9_5_fu_206_p3" latency="0" BRAM="-1" DSP="-1" FF="-1" LUT="-1" fileDirectory="/home/brennan/Documents/pynq-copter/pynqcopter/ip/pwm"></item>
<item  id="42" filename="pwm.cpp" linenumber="66" name="tmp_s" contextFuncName="pwm" moduleName="pwm" rtlName="tmp_s_fu_147_p2" latency="0" BRAM="-1" DSP="-1" FF="0" LUT="23" fileDirectory="/home/brennan/Documents/pynq-copter/pynqcopter/ip/pwm"></item>
</annotationInfo>
