<stg><name>pwm</name>


<trans_list>

<trans id="57" from="1" to="2">
<condition id="9">
<or_exp><and_exp></and_exp></or_exp>
</condition>
</trans>

<trans id="58" from="2" to="3">
<condition id="10">
<or_exp><and_exp></and_exp></or_exp>
</condition>
</trans>

<trans id="59" from="3" to="4">
<condition id="11">
<or_exp><and_exp></and_exp></or_exp>
</condition>
</trans>

<trans id="60" from="4" to="5">
<condition id="12">
<or_exp><and_exp></and_exp></or_exp>
</condition>
</trans>

<trans id="61" from="5" to="6">
<condition id="13">
<or_exp><and_exp></and_exp></or_exp>
</condition>
</trans>

<trans id="62" from="6" to="7">
<condition id="14">
<or_exp><and_exp></and_exp></or_exp>
</condition>
</trans>

<trans id="63" from="7" to="8">
<condition id="15">
<or_exp><and_exp></and_exp></or_exp>
</condition>
</trans>

<trans id="64" from="8" to="9">
<condition id="16">
<or_exp><and_exp></and_exp></or_exp>
</condition>
</trans>
</trans_list>



<state_list>

<state id="1" st_id="1">

<operation id="10" st_id="1" stage="1" lat="1">
<core>NULL</core>
<MemPortIdVec></MemPortIdVec>
<condition id="0">
<or_exp><and_exp></and_exp></or_exp>
</condition>

<Node id="12" bw="3" op_0_bw="16" op_1_bw="64" op_2_bw="64">
<![CDATA[
codeRepl:7  %m_V_addr = getelementptr [6 x i16]* %m_V, i64 0, i64 0

]]></Node>
<StgValue><ssdm name="m_V_addr"/></StgValue>
</operation>

<operation id="11" st_id="1" stage="2" lat="2">
<core>RAM_1P</core>
<MemPortIdVec>0 </MemPortIdVec>
<condition id="0">
<or_exp><and_exp></and_exp></or_exp>
</condition>

<Node id="13" bw="16" op_0_bw="3">
<![CDATA[
codeRepl:8  %m_V_load = load i16* %m_V_addr, align 2

]]></Node>
<StgValue><ssdm name="m_V_load"/></StgValue>
</operation>
</state>

<state id="2" st_id="2">

<operation id="12" st_id="2" stage="1" lat="2">
<core>RAM_1P</core>
<MemPortIdVec>0 </MemPortIdVec>
<condition id="1">
<or_exp><and_exp></and_exp></or_exp>
</condition>

<Node id="13" bw="16" op_0_bw="3">
<![CDATA[
codeRepl:8  %m_V_load = load i16* %m_V_addr, align 2

]]></Node>
<StgValue><ssdm name="m_V_load"/></StgValue>
</operation>

<operation id="13" st_id="2" stage="1" lat="1">
<core>NULL</core>
<MemPortIdVec></MemPortIdVec>
<condition id="1">
<or_exp><and_exp></and_exp></or_exp>
</condition>

<Node id="14" bw="3" op_0_bw="16" op_1_bw="64" op_2_bw="64">
<![CDATA[
codeRepl:9  %m_V_addr_1 = getelementptr [6 x i16]* %m_V, i64 0, i64 1

]]></Node>
<StgValue><ssdm name="m_V_addr_1"/></StgValue>
</operation>

<operation id="14" st_id="2" stage="2" lat="2">
<core>RAM_1P</core>
<MemPortIdVec>0 </MemPortIdVec>
<condition id="1">
<or_exp><and_exp></and_exp></or_exp>
</condition>

<Node id="15" bw="16" op_0_bw="3">
<![CDATA[
codeRepl:10  %m_V_load_1 = load i16* %m_V_addr_1, align 2

]]></Node>
<StgValue><ssdm name="m_V_load_1"/></StgValue>
</operation>
</state>

<state id="3" st_id="3">

<operation id="15" st_id="3" stage="1" lat="2">
<core>RAM_1P</core>
<MemPortIdVec>0 </MemPortIdVec>
<condition id="2">
<or_exp><and_exp></and_exp></or_exp>
</condition>

<Node id="15" bw="16" op_0_bw="3">
<![CDATA[
codeRepl:10  %m_V_load_1 = load i16* %m_V_addr_1, align 2

]]></Node>
<StgValue><ssdm name="m_V_load_1"/></StgValue>
</operation>

<operation id="16" st_id="3" stage="1" lat="1">
<core>NULL</core>
<MemPortIdVec></MemPortIdVec>
<condition id="2">
<or_exp><and_exp></and_exp></or_exp>
</condition>

<Node id="16" bw="3" op_0_bw="16" op_1_bw="64" op_2_bw="64">
<![CDATA[
codeRepl:11  %m_V_addr_2 = getelementptr [6 x i16]* %m_V, i64 0, i64 2

]]></Node>
<StgValue><ssdm name="m_V_addr_2"/></StgValue>
</operation>

<operation id="17" st_id="3" stage="2" lat="2">
<core>RAM_1P</core>
<MemPortIdVec>0 </MemPortIdVec>
<condition id="2">
<or_exp><and_exp></and_exp></or_exp>
</condition>

<Node id="17" bw="16" op_0_bw="3">
<![CDATA[
codeRepl:12  %m_V_load_2 = load i16* %m_V_addr_2, align 2

]]></Node>
<StgValue><ssdm name="m_V_load_2"/></StgValue>
</operation>
</state>

<state id="4" st_id="4">

<operation id="18" st_id="4" stage="1" lat="2">
<core>RAM_1P</core>
<MemPortIdVec>0 </MemPortIdVec>
<condition id="3">
<or_exp><and_exp></and_exp></or_exp>
</condition>

<Node id="17" bw="16" op_0_bw="3">
<![CDATA[
codeRepl:12  %m_V_load_2 = load i16* %m_V_addr_2, align 2

]]></Node>
<StgValue><ssdm name="m_V_load_2"/></StgValue>
</operation>

<operation id="19" st_id="4" stage="1" lat="1">
<core>NULL</core>
<MemPortIdVec></MemPortIdVec>
<condition id="3">
<or_exp><and_exp></and_exp></or_exp>
</condition>

<Node id="18" bw="3" op_0_bw="16" op_1_bw="64" op_2_bw="64">
<![CDATA[
codeRepl:13  %m_V_addr_3 = getelementptr [6 x i16]* %m_V, i64 0, i64 3

]]></Node>
<StgValue><ssdm name="m_V_addr_3"/></StgValue>
</operation>

<operation id="20" st_id="4" stage="2" lat="2">
<core>RAM_1P</core>
<MemPortIdVec>0 </MemPortIdVec>
<condition id="3">
<or_exp><and_exp></and_exp></or_exp>
</condition>

<Node id="19" bw="16" op_0_bw="3">
<![CDATA[
codeRepl:14  %m_V_load_3 = load i16* %m_V_addr_3, align 2

]]></Node>
<StgValue><ssdm name="m_V_load_3"/></StgValue>
</operation>

<operation id="21" st_id="4" stage="1" lat="1">
<core>NULL</core>
<MemPortIdVec></MemPortIdVec>
<condition id="3">
<or_exp><and_exp></and_exp></or_exp>
</condition>

<Node id="24" bw="16" op_0_bw="16">
<![CDATA[
codeRepl:19  %t_V = load i16* @accumulator_V, align 2

]]></Node>
<StgValue><ssdm name="t_V"/></StgValue>
</operation>

<operation id="22" st_id="4" stage="1" lat="1">
<core>Cmp</core>
<MemPortIdVec></MemPortIdVec>
<condition id="3">
<or_exp><and_exp></and_exp></or_exp>
</condition>

<Node id="25" bw="1" op_0_bw="16" op_1_bw="16">
<![CDATA[
codeRepl:20  %tmp_4 = icmp ugt i16 %t_V, %m_V_load

]]></Node>
<StgValue><ssdm name="tmp_4"/></StgValue>
</operation>

<operation id="23" st_id="4" stage="1" lat="1">
<core>Cmp</core>
<MemPortIdVec></MemPortIdVec>
<condition id="3">
<or_exp><and_exp></and_exp></or_exp>
</condition>

<Node id="27" bw="1" op_0_bw="16" op_1_bw="16">
<![CDATA[
codeRepl:22  %tmp_4_1 = icmp ugt i16 %t_V, %m_V_load_1

]]></Node>
<StgValue><ssdm name="tmp_4_1"/></StgValue>
</operation>
</state>

<state id="5" st_id="5">

<operation id="24" st_id="5" stage="1" lat="2">
<core>RAM_1P</core>
<MemPortIdVec>0 </MemPortIdVec>
<condition id="4">
<or_exp><and_exp></and_exp></or_exp>
</condition>

<Node id="19" bw="16" op_0_bw="3">
<![CDATA[
codeRepl:14  %m_V_load_3 = load i16* %m_V_addr_3, align 2

]]></Node>
<StgValue><ssdm name="m_V_load_3"/></StgValue>
</operation>

<operation id="25" st_id="5" stage="1" lat="1">
<core>NULL</core>
<MemPortIdVec></MemPortIdVec>
<condition id="4">
<or_exp><and_exp></and_exp></or_exp>
</condition>

<Node id="20" bw="3" op_0_bw="16" op_1_bw="64" op_2_bw="64">
<![CDATA[
codeRepl:15  %m_V_addr_4 = getelementptr [6 x i16]* %m_V, i64 0, i64 4

]]></Node>
<StgValue><ssdm name="m_V_addr_4"/></StgValue>
</operation>

<operation id="26" st_id="5" stage="2" lat="2">
<core>RAM_1P</core>
<MemPortIdVec>0 </MemPortIdVec>
<condition id="4">
<or_exp><and_exp></and_exp></or_exp>
</condition>

<Node id="21" bw="16" op_0_bw="3">
<![CDATA[
codeRepl:16  %m_V_load_4 = load i16* %m_V_addr_4, align 2

]]></Node>
<StgValue><ssdm name="m_V_load_4"/></StgValue>
</operation>

<operation id="27" st_id="5" stage="1" lat="1">
<core>Cmp</core>
<MemPortIdVec></MemPortIdVec>
<condition id="4">
<or_exp><and_exp></and_exp></or_exp>
</condition>

<Node id="28" bw="1" op_0_bw="16" op_1_bw="16">
<![CDATA[
codeRepl:23  %tmp_4_2 = icmp ugt i16 %t_V, %m_V_load_2

]]></Node>
<StgValue><ssdm name="tmp_4_2"/></StgValue>
</operation>
</state>

<state id="6" st_id="6">

<operation id="28" st_id="6" stage="1" lat="2">
<core>RAM_1P</core>
<MemPortIdVec>0 </MemPortIdVec>
<condition id="5">
<or_exp><and_exp></and_exp></or_exp>
</condition>

<Node id="21" bw="16" op_0_bw="3">
<![CDATA[
codeRepl:16  %m_V_load_4 = load i16* %m_V_addr_4, align 2

]]></Node>
<StgValue><ssdm name="m_V_load_4"/></StgValue>
</operation>

<operation id="29" st_id="6" stage="1" lat="1">
<core>NULL</core>
<MemPortIdVec></MemPortIdVec>
<condition id="5">
<or_exp><and_exp></and_exp></or_exp>
</condition>

<Node id="22" bw="3" op_0_bw="16" op_1_bw="64" op_2_bw="64">
<![CDATA[
codeRepl:17  %m_V_addr_5 = getelementptr [6 x i16]* %m_V, i64 0, i64 5

]]></Node>
<StgValue><ssdm name="m_V_addr_5"/></StgValue>
</operation>

<operation id="30" st_id="6" stage="2" lat="2">
<core>RAM_1P</core>
<MemPortIdVec>0 </MemPortIdVec>
<condition id="5">
<or_exp><and_exp></and_exp></or_exp>
</condition>

<Node id="23" bw="16" op_0_bw="3">
<![CDATA[
codeRepl:18  %m_V_load_5 = load i16* %m_V_addr_5, align 2

]]></Node>
<StgValue><ssdm name="m_V_load_5"/></StgValue>
</operation>

<operation id="31" st_id="6" stage="1" lat="1">
<core>Cmp</core>
<MemPortIdVec></MemPortIdVec>
<condition id="5">
<or_exp><and_exp></and_exp></or_exp>
</condition>

<Node id="29" bw="1" op_0_bw="16" op_1_bw="16">
<![CDATA[
codeRepl:24  %tmp_4_3 = icmp ugt i16 %t_V, %m_V_load_3

]]></Node>
<StgValue><ssdm name="tmp_4_3"/></StgValue>
</operation>
</state>

<state id="7" st_id="7">

<operation id="32" st_id="7" stage="1" lat="2">
<core>RAM_1P</core>
<MemPortIdVec>0 </MemPortIdVec>
<condition id="6">
<or_exp><and_exp></and_exp></or_exp>
</condition>

<Node id="23" bw="16" op_0_bw="3">
<![CDATA[
codeRepl:18  %m_V_load_5 = load i16* %m_V_addr_5, align 2

]]></Node>
<StgValue><ssdm name="m_V_load_5"/></StgValue>
</operation>

<operation id="33" st_id="7" stage="1" lat="1">
<core>Cmp</core>
<MemPortIdVec></MemPortIdVec>
<condition id="6">
<or_exp><and_exp></and_exp></or_exp>
</condition>

<Node id="30" bw="1" op_0_bw="16" op_1_bw="16">
<![CDATA[
codeRepl:25  %tmp_4_4 = icmp ugt i16 %t_V, %m_V_load_4

]]></Node>
<StgValue><ssdm name="tmp_4_4"/></StgValue>
</operation>
</state>

<state id="8" st_id="8">

<operation id="34" st_id="8" stage="1" lat="1">
<core>Cmp</core>
<MemPortIdVec></MemPortIdVec>
<condition id="7">
<or_exp><and_exp></and_exp></or_exp>
</condition>

<Node id="31" bw="1" op_0_bw="16" op_1_bw="16">
<![CDATA[
codeRepl:26  %tmp_4_5 = icmp ugt i16 %t_V, %m_V_load_5

]]></Node>
<StgValue><ssdm name="tmp_4_5"/></StgValue>
</operation>

<operation id="35" st_id="8" stage="1" lat="1">
<core>Cmp</core>
<MemPortIdVec></MemPortIdVec>
<condition id="7">
<or_exp><and_exp></and_exp></or_exp>
</condition>

<Node id="39" bw="1" op_0_bw="16" op_1_bw="16">
<![CDATA[
codeRepl:34  %tmp_2 = icmp eq i16 %t_V, 0

]]></Node>
<StgValue><ssdm name="tmp_2"/></StgValue>
</operation>

<operation id="36" st_id="8" stage="1" lat="1">
<core>AddSub</core>
<MemPortIdVec></MemPortIdVec>
<condition id="7">
<or_exp><and_exp></and_exp></or_exp>
</condition>

<Node id="42" bw="16" op_0_bw="16" op_1_bw="16">
<![CDATA[
codeRepl:37  %tmp_s = add i16 %t_V, 1

]]></Node>
<StgValue><ssdm name="tmp_s"/></StgValue>
</operation>

<operation id="37" st_id="8" stage="1" lat="1">
<core>NULL</core>
<MemPortIdVec></MemPortIdVec>
<condition id="7">
<or_exp><and_exp></and_exp></or_exp>
</condition>

<Node id="43" bw="0" op_0_bw="16" op_1_bw="16">
<![CDATA[
codeRepl:38  store i16 %tmp_s, i16* @accumulator_V, align 2

]]></Node>
<StgValue><ssdm name=""/></StgValue>
</operation>
</state>

<state id="9" st_id="9">

<operation id="38" st_id="9" stage="1" lat="1">
<core>NULL</core>
<MemPortIdVec></MemPortIdVec>
<condition id="8">
<or_exp><and_exp></and_exp></or_exp>
</condition>

<Node id="5" bw="0" op_0_bw="0" op_1_bw="16">
<![CDATA[
codeRepl:0  call void (...)* @_ssdm_op_SpecBitsMap([6 x i16]* %m_V), !map !64

]]></Node>
<StgValue><ssdm name=""/></StgValue>
</operation>

<operation id="39" st_id="9" stage="1" lat="1">
<core>NULL</core>
<MemPortIdVec></MemPortIdVec>
<condition id="8">
<or_exp><and_exp></and_exp></or_exp>
</condition>

<Node id="6" bw="0" op_0_bw="0" op_1_bw="6">
<![CDATA[
codeRepl:1  call void (...)* @_ssdm_op_SpecBitsMap(i6* %out_V), !map !70

]]></Node>
<StgValue><ssdm name=""/></StgValue>
</operation>

<operation id="40" st_id="9" stage="1" lat="1">
<core>NULL</core>
<MemPortIdVec></MemPortIdVec>
<condition id="8">
<or_exp><and_exp></and_exp></or_exp>
</condition>

<Node id="7" bw="0" op_0_bw="0" op_1_bw="0">
<![CDATA[
codeRepl:2  call void (...)* @_ssdm_op_SpecTopModule([4 x i8]* @pwm_str) nounwind

]]></Node>
<StgValue><ssdm name=""/></StgValue>
</operation>

<operation id="41" st_id="9" stage="1" lat="1">
<core>NULL</core>
<MemPortIdVec></MemPortIdVec>
<condition id="8">
<or_exp><and_exp></and_exp></or_exp>
</condition>

<Node id="8" bw="32" op_0_bw="32" op_1_bw="16" op_2_bw="0" op_3_bw="0" op_4_bw="0" op_5_bw="32" op_6_bw="0" op_7_bw="0" op_8_bw="0" op_9_bw="0" op_10_bw="0">
<![CDATA[
codeRepl:3  %empty = call i32 (...)* @_ssdm_op_SpecMemCore([6 x i16]* %m_V, [1 x i8]* @p_str3, [7 x i8]* @RAM_1P_str, [1 x i8]* @p_str3, i32 -1, [1 x i8]* @p_str3, [1 x i8]* @p_str3, [1 x i8]* @p_str3, [1 x i8]* @p_str3, [1 x i8]* @p_str3)

]]></Node>
<StgValue><ssdm name="empty"/></StgValue>
</operation>

<operation id="42" st_id="9" stage="1" lat="1">
<core>NULL</core>
<MemPortIdVec></MemPortIdVec>
<condition id="8">
<or_exp><and_exp></and_exp></or_exp>
</condition>

<Node id="9" bw="0" op_0_bw="0" op_1_bw="16" op_2_bw="0" op_3_bw="32" op_4_bw="32" op_5_bw="0" op_6_bw="32" op_7_bw="32" op_8_bw="0" op_9_bw="0" op_10_bw="0" op_11_bw="32" op_12_bw="32" op_13_bw="32" op_14_bw="32" op_15_bw="0" op_16_bw="0">
<![CDATA[
codeRepl:4  call void (...)* @_ssdm_op_SpecInterface([6 x i16]* %m_V, [10 x i8]* @p_str, i32 0, i32 0, [1 x i8]* @p_str1, i32 0, i32 0, [1 x i8]* @p_str1, [1 x i8]* @p_str1, [1 x i8]* @p_str1, i32 0, i32 0, i32 0, i32 0, [1 x i8]* @p_str1, [1 x i8]* @p_str1) nounwind

]]></Node>
<StgValue><ssdm name=""/></StgValue>
</operation>

<operation id="43" st_id="9" stage="1" lat="1">
<core>NULL</core>
<MemPortIdVec></MemPortIdVec>
<condition id="8">
<or_exp><and_exp></and_exp></or_exp>
</condition>

<Node id="10" bw="0" op_0_bw="0" op_1_bw="6" op_2_bw="0" op_3_bw="32" op_4_bw="32" op_5_bw="0" op_6_bw="32" op_7_bw="32" op_8_bw="0" op_9_bw="0" op_10_bw="0" op_11_bw="32" op_12_bw="32" op_13_bw="32" op_14_bw="32" op_15_bw="0" op_16_bw="0">
<![CDATA[
codeRepl:5  call void (...)* @_ssdm_op_SpecInterface(i6* %out_V, [8 x i8]* @p_str2, i32 0, i32 0, [1 x i8]* @p_str1, i32 0, i32 0, [1 x i8]* @p_str1, [1 x i8]* @p_str1, [1 x i8]* @p_str1, i32 0, i32 0, i32 0, i32 0, [1 x i8]* @p_str1, [1 x i8]* @p_str1) nounwind

]]></Node>
<StgValue><ssdm name=""/></StgValue>
</operation>

<operation id="44" st_id="9" stage="1" lat="1">
<core>NULL</core>
<MemPortIdVec></MemPortIdVec>
<condition id="8">
<or_exp><and_exp></and_exp></or_exp>
</condition>

<Node id="11" bw="0" op_0_bw="0" op_1_bw="32" op_2_bw="0" op_3_bw="32" op_4_bw="32" op_5_bw="0" op_6_bw="32" op_7_bw="32" op_8_bw="0" op_9_bw="0" op_10_bw="0" op_11_bw="32" op_12_bw="32" op_13_bw="32" op_14_bw="32" op_15_bw="0" op_16_bw="0">
<![CDATA[
codeRepl:6  call void (...)* @_ssdm_op_SpecInterface(i32 0, [10 x i8]* @p_str, i32 0, i32 0, [1 x i8]* @p_str1, i32 0, i32 0, [1 x i8]* @p_str1, [1 x i8]* @p_str1, [1 x i8]* @p_str1, i32 0, i32 0, i32 0, i32 0, [1 x i8]* @p_str1, [1 x i8]* @p_str1) nounwind

]]></Node>
<StgValue><ssdm name=""/></StgValue>
</operation>

<operation id="45" st_id="9" stage="1" lat="1">
<core>NULL</core>
<MemPortIdVec></MemPortIdVec>
<condition id="21">
<or_exp><and_exp><literal name="tmp_2" val="0"/>
</and_exp></or_exp>
</condition>

<Node id="26" bw="6" op_0_bw="6">
<![CDATA[
codeRepl:21  %out_p_V_load = load i6* @out_p_V, align 1

]]></Node>
<StgValue><ssdm name="out_p_V_load"/></StgValue>
</operation>

<operation id="46" st_id="9" stage="1" lat="1">
<core>NULL</core>
<MemPortIdVec></MemPortIdVec>
<condition id="25">
<or_exp><and_exp><literal name="tmp_2" val="0"/>
</and_exp></or_exp>
</condition>

<Node id="32" bw="2" op_0_bw="2" op_1_bw="1" op_2_bw="1">
<![CDATA[
codeRepl:27  %tmp1_demorgan = call i2 @_ssdm_op_BitConcatenate.i2.i1.i1(i1 %tmp_4_1, i1 %tmp_4)

]]></Node>
<StgValue><ssdm name="tmp1_demorgan"/></StgValue>
</operation>

<operation id="47" st_id="9" stage="1" lat="1">
<core>NULL</core>
<MemPortIdVec></MemPortIdVec>
<condition id="24">
<or_exp><and_exp><literal name="tmp_2" val="0"/>
</and_exp></or_exp>
</condition>

<Node id="33" bw="6" op_0_bw="2">
<![CDATA[
codeRepl:28  %tmp1_demorgan_cast = zext i2 %tmp1_demorgan to i6

]]></Node>
<StgValue><ssdm name="tmp1_demorgan_cast"/></StgValue>
</operation>

<operation id="48" st_id="9" stage="1" lat="1">
<core>LogicGate</core>
<MemPortIdVec></MemPortIdVec>
<condition id="22">
<or_exp><and_exp><literal name="tmp_2" val="0"/>
</and_exp></or_exp>
</condition>

<Node id="34" bw="6" op_0_bw="6" op_1_bw="6">
<![CDATA[
codeRepl:29  %tmp1 = xor i6 %tmp1_demorgan_cast, -1

]]></Node>
<StgValue><ssdm name="tmp1"/></StgValue>
</operation>

<operation id="49" st_id="9" stage="1" lat="1">
<core>LogicGate</core>
<MemPortIdVec></MemPortIdVec>
<condition id="19">
<or_exp><and_exp><literal name="tmp_2" val="0"/>
</and_exp></or_exp>
</condition>

<Node id="35" bw="6" op_0_bw="6" op_1_bw="6">
<![CDATA[
codeRepl:30  %tmp = and i6 %out_p_V_load, %tmp1

]]></Node>
<StgValue><ssdm name="tmp"/></StgValue>
</operation>

<operation id="50" st_id="9" stage="1" lat="1">
<core>NULL</core>
<MemPortIdVec></MemPortIdVec>
<condition id="23">
<or_exp><and_exp><literal name="tmp_2" val="0"/>
</and_exp></or_exp>
</condition>

<Node id="36" bw="6" op_0_bw="6" op_1_bw="1" op_2_bw="1" op_3_bw="1" op_4_bw="1" op_5_bw="2">
<![CDATA[
codeRepl:31  %tmp2_demorgan = call i6 @_ssdm_op_BitConcatenate.i6.i1.i1.i1.i1.i2(i1 %tmp_4_5, i1 %tmp_4_4, i1 %tmp_4_3, i1 %tmp_4_2, i2 0)

]]></Node>
<StgValue><ssdm name="tmp2_demorgan"/></StgValue>
</operation>

<operation id="51" st_id="9" stage="1" lat="1">
<core>LogicGate</core>
<MemPortIdVec></MemPortIdVec>
<condition id="20">
<or_exp><and_exp><literal name="tmp_2" val="0"/>
</and_exp></or_exp>
</condition>

<Node id="37" bw="6" op_0_bw="6" op_1_bw="6">
<![CDATA[
codeRepl:32  %tmp2 = xor i6 %tmp2_demorgan, -1

]]></Node>
<StgValue><ssdm name="tmp2"/></StgValue>
</operation>

<operation id="52" st_id="9" stage="1" lat="1">
<core>LogicGate</core>
<MemPortIdVec></MemPortIdVec>
<condition id="18">
<or_exp><and_exp><literal name="tmp_2" val="0"/>
</and_exp></or_exp>
</condition>

<Node id="38" bw="6" op_0_bw="6" op_1_bw="6">
<![CDATA[
codeRepl:33  %tmp_9_5 = and i6 %tmp, %tmp2

]]></Node>
<StgValue><ssdm name="tmp_9_5"/></StgValue>
</operation>

<operation id="53" st_id="9" stage="1" lat="1">
<core>Sel</core>
<MemPortIdVec></MemPortIdVec>
<condition id="8">
<or_exp><and_exp></and_exp></or_exp>
</condition>

<Node id="40" bw="6" op_0_bw="1" op_1_bw="6" op_2_bw="6">
<![CDATA[
codeRepl:35  %p_tmp_9_5 = select i1 %tmp_2, i6 -1, i6 %tmp_9_5

]]></Node>
<StgValue><ssdm name="p_tmp_9_5"/></StgValue>
</operation>

<operation id="54" st_id="9" stage="1" lat="1">
<core>NULL</core>
<MemPortIdVec></MemPortIdVec>
<condition id="8">
<or_exp><and_exp></and_exp></or_exp>
</condition>

<Node id="41" bw="0" op_0_bw="6" op_1_bw="6">
<![CDATA[
codeRepl:36  store i6 %p_tmp_9_5, i6* @out_p_V, align 1

]]></Node>
<StgValue><ssdm name=""/></StgValue>
</operation>

<operation id="55" st_id="9" stage="1" lat="1">
<core>NULL</core>
<MemPortIdVec></MemPortIdVec>
<condition id="8">
<or_exp><and_exp></and_exp></or_exp>
</condition>

<Node id="44" bw="0" op_0_bw="0" op_1_bw="6" op_2_bw="6">
<![CDATA[
codeRepl:39  call void @_ssdm_op_Write.ap_none.i6P(i6* %out_V, i6 %p_tmp_9_5)

]]></Node>
<StgValue><ssdm name=""/></StgValue>
</operation>

<operation id="56" st_id="9" stage="1" lat="1">
<core>NULL</core>
<MemPortIdVec></MemPortIdVec>
<condition id="8">
<or_exp><and_exp></and_exp></or_exp>
</condition>

<Node id="45" bw="0">
<![CDATA[
codeRepl:40  ret void

]]></Node>
<StgValue><ssdm name=""/></StgValue>
</operation>
</state>
</state_list>


<ports>
<port id="65" name="m_V" dir="0" iftype="1">
<core>RAM_1P</core><StgValue><ssdm name="m_V"/><MemPortTyVec>1 </MemPortTyVec>
</StgValue>
</port>
<port id="66" name="out_V" dir="1" iftype="0">
<core>NULL</core><StgValue><ssdm name="out_V"/></StgValue>
</port>
<port id="67" name="accumulator_V" dir="2" iftype="0">
<core>NULL</core><StgValue><ssdm name="accumulator_V"/></StgValue>
</port>
<port id="68" name="out_p_V" dir="2" iftype="0">
<core>NULL</core><StgValue><ssdm name="out_p_V"/></StgValue>
</port>
</ports>


<dataflows>
<dataflow id="69" from="m_V" to="m_V_addr" fromId="65" toId="10">
</dataflow>
<dataflow id="71" from="StgValue_70" to="m_V_addr" fromId="70" toId="10">
</dataflow>
<dataflow id="72" from="StgValue_70" to="m_V_addr" fromId="70" toId="10">
</dataflow>
<dataflow id="73" from="m_V_addr" to="m_V_load" fromId="10" toId="11">
</dataflow>
<dataflow id="74" from="m_V_addr" to="m_V_load" fromId="10" toId="12">
</dataflow>
<dataflow id="75" from="m_V" to="m_V_addr_1" fromId="65" toId="13">
</dataflow>
<dataflow id="76" from="StgValue_70" to="m_V_addr_1" fromId="70" toId="13">
</dataflow>
<dataflow id="78" from="StgValue_77" to="m_V_addr_1" fromId="77" toId="13">
</dataflow>
<dataflow id="79" from="m_V_addr_1" to="m_V_load_1" fromId="13" toId="14">
</dataflow>
<dataflow id="80" from="m_V_addr_1" to="m_V_load_1" fromId="13" toId="15">
</dataflow>
<dataflow id="81" from="m_V" to="m_V_addr_2" fromId="65" toId="16">
</dataflow>
<dataflow id="82" from="StgValue_70" to="m_V_addr_2" fromId="70" toId="16">
</dataflow>
<dataflow id="84" from="StgValue_83" to="m_V_addr_2" fromId="83" toId="16">
</dataflow>
<dataflow id="85" from="m_V_addr_2" to="m_V_load_2" fromId="16" toId="17">
</dataflow>
<dataflow id="86" from="m_V_addr_2" to="m_V_load_2" fromId="16" toId="18">
</dataflow>
<dataflow id="87" from="m_V" to="m_V_addr_3" fromId="65" toId="19">
</dataflow>
<dataflow id="88" from="StgValue_70" to="m_V_addr_3" fromId="70" toId="19">
</dataflow>
<dataflow id="90" from="StgValue_89" to="m_V_addr_3" fromId="89" toId="19">
</dataflow>
<dataflow id="91" from="m_V_addr_3" to="m_V_load_3" fromId="19" toId="20">
</dataflow>
<dataflow id="92" from="accumulator_V" to="t_V" fromId="67" toId="21">
</dataflow>
<dataflow id="93" from="t_V" to="tmp_4" fromId="21" toId="22">
</dataflow>
<dataflow id="94" from="m_V_load" to="tmp_4" fromId="12" toId="22">
</dataflow>
<dataflow id="95" from="t_V" to="tmp_4_1" fromId="21" toId="23">
</dataflow>
<dataflow id="96" from="m_V_load_1" to="tmp_4_1" fromId="15" toId="23">
</dataflow>
<dataflow id="97" from="m_V_addr_3" to="m_V_load_3" fromId="19" toId="24">
</dataflow>
<dataflow id="98" from="m_V" to="m_V_addr_4" fromId="65" toId="25">
</dataflow>
<dataflow id="99" from="StgValue_70" to="m_V_addr_4" fromId="70" toId="25">
</dataflow>
<dataflow id="101" from="StgValue_100" to="m_V_addr_4" fromId="100" toId="25">
</dataflow>
<dataflow id="102" from="m_V_addr_4" to="m_V_load_4" fromId="25" toId="26">
</dataflow>
<dataflow id="103" from="t_V" to="tmp_4_2" fromId="21" toId="27">
</dataflow>
<dataflow id="104" from="m_V_load_2" to="tmp_4_2" fromId="18" toId="27">
</dataflow>
<dataflow id="105" from="m_V_addr_4" to="m_V_load_4" fromId="25" toId="28">
</dataflow>
<dataflow id="106" from="m_V" to="m_V_addr_5" fromId="65" toId="29">
</dataflow>
<dataflow id="107" from="StgValue_70" to="m_V_addr_5" fromId="70" toId="29">
</dataflow>
<dataflow id="109" from="StgValue_108" to="m_V_addr_5" fromId="108" toId="29">
</dataflow>
<dataflow id="110" from="m_V_addr_5" to="m_V_load_5" fromId="29" toId="30">
</dataflow>
<dataflow id="111" from="t_V" to="tmp_4_3" fromId="21" toId="31">
</dataflow>
<dataflow id="112" from="m_V_load_3" to="tmp_4_3" fromId="24" toId="31">
</dataflow>
<dataflow id="113" from="m_V_addr_5" to="m_V_load_5" fromId="29" toId="32">
</dataflow>
<dataflow id="114" from="t_V" to="tmp_4_4" fromId="21" toId="33">
</dataflow>
<dataflow id="115" from="m_V_load_4" to="tmp_4_4" fromId="28" toId="33">
</dataflow>
<dataflow id="116" from="t_V" to="tmp_4_5" fromId="21" toId="34">
</dataflow>
<dataflow id="117" from="m_V_load_5" to="tmp_4_5" fromId="32" toId="34">
</dataflow>
<dataflow id="118" from="t_V" to="tmp_2" fromId="21" toId="35">
</dataflow>
<dataflow id="120" from="StgValue_119" to="tmp_2" fromId="119" toId="35">
</dataflow>
<dataflow id="121" from="t_V" to="tmp_s" fromId="21" toId="36">
</dataflow>
<dataflow id="123" from="StgValue_122" to="tmp_s" fromId="122" toId="36">
</dataflow>
<dataflow id="124" from="tmp_s" to="StgValue_37" fromId="36" toId="37">
</dataflow>
<dataflow id="125" from="accumulator_V" to="StgValue_37" fromId="67" toId="37">
</dataflow>
<dataflow id="127" from="_ssdm_op_SpecBitsMap" to="StgValue_38" fromId="126" toId="38">
</dataflow>
<dataflow id="128" from="m_V" to="StgValue_38" fromId="65" toId="38">
</dataflow>
<dataflow id="129" from="_ssdm_op_SpecBitsMap" to="StgValue_39" fromId="126" toId="39">
</dataflow>
<dataflow id="130" from="out_V" to="StgValue_39" fromId="66" toId="39">
</dataflow>
<dataflow id="132" from="_ssdm_op_SpecTopModule" to="StgValue_40" fromId="131" toId="40">
</dataflow>
<dataflow id="134" from="pwm_str" to="StgValue_40" fromId="133" toId="40">
</dataflow>
<dataflow id="136" from="_ssdm_op_SpecMemCore" to="empty" fromId="135" toId="41">
</dataflow>
<dataflow id="137" from="m_V" to="empty" fromId="65" toId="41">
</dataflow>
<dataflow id="139" from="p_str3" to="empty" fromId="138" toId="41">
</dataflow>
<dataflow id="141" from="RAM_1P_str" to="empty" fromId="140" toId="41">
</dataflow>
<dataflow id="142" from="p_str3" to="empty" fromId="138" toId="41">
</dataflow>
<dataflow id="144" from="StgValue_143" to="empty" fromId="143" toId="41">
</dataflow>
<dataflow id="145" from="p_str3" to="empty" fromId="138" toId="41">
</dataflow>
<dataflow id="146" from="p_str3" to="empty" fromId="138" toId="41">
</dataflow>
<dataflow id="147" from="p_str3" to="empty" fromId="138" toId="41">
</dataflow>
<dataflow id="148" from="p_str3" to="empty" fromId="138" toId="41">
</dataflow>
<dataflow id="149" from="p_str3" to="empty" fromId="138" toId="41">
</dataflow>
<dataflow id="151" from="_ssdm_op_SpecInterface" to="StgValue_42" fromId="150" toId="42">
</dataflow>
<dataflow id="152" from="m_V" to="StgValue_42" fromId="65" toId="42">
</dataflow>
<dataflow id="154" from="p_str" to="StgValue_42" fromId="153" toId="42">
</dataflow>
<dataflow id="156" from="StgValue_155" to="StgValue_42" fromId="155" toId="42">
</dataflow>
<dataflow id="157" from="StgValue_155" to="StgValue_42" fromId="155" toId="42">
</dataflow>
<dataflow id="159" from="p_str1" to="StgValue_42" fromId="158" toId="42">
</dataflow>
<dataflow id="160" from="StgValue_155" to="StgValue_42" fromId="155" toId="42">
</dataflow>
<dataflow id="161" from="StgValue_155" to="StgValue_42" fromId="155" toId="42">
</dataflow>
<dataflow id="162" from="p_str1" to="StgValue_42" fromId="158" toId="42">
</dataflow>
<dataflow id="163" from="p_str1" to="StgValue_42" fromId="158" toId="42">
</dataflow>
<dataflow id="164" from="p_str1" to="StgValue_42" fromId="158" toId="42">
</dataflow>
<dataflow id="165" from="StgValue_155" to="StgValue_42" fromId="155" toId="42">
</dataflow>
<dataflow id="166" from="StgValue_155" to="StgValue_42" fromId="155" toId="42">
</dataflow>
<dataflow id="167" from="StgValue_155" to="StgValue_42" fromId="155" toId="42">
</dataflow>
<dataflow id="168" from="StgValue_155" to="StgValue_42" fromId="155" toId="42">
</dataflow>
<dataflow id="169" from="p_str1" to="StgValue_42" fromId="158" toId="42">
</dataflow>
<dataflow id="170" from="p_str1" to="StgValue_42" fromId="158" toId="42">
</dataflow>
<dataflow id="171" from="_ssdm_op_SpecInterface" to="StgValue_43" fromId="150" toId="43">
</dataflow>
<dataflow id="172" from="out_V" to="StgValue_43" fromId="66" toId="43">
</dataflow>
<dataflow id="174" from="p_str2" to="StgValue_43" fromId="173" toId="43">
</dataflow>
<dataflow id="175" from="StgValue_155" to="StgValue_43" fromId="155" toId="43">
</dataflow>
<dataflow id="176" from="StgValue_155" to="StgValue_43" fromId="155" toId="43">
</dataflow>
<dataflow id="177" from="p_str1" to="StgValue_43" fromId="158" toId="43">
</dataflow>
<dataflow id="178" from="StgValue_155" to="StgValue_43" fromId="155" toId="43">
</dataflow>
<dataflow id="179" from="StgValue_155" to="StgValue_43" fromId="155" toId="43">
</dataflow>
<dataflow id="180" from="p_str1" to="StgValue_43" fromId="158" toId="43">
</dataflow>
<dataflow id="181" from="p_str1" to="StgValue_43" fromId="158" toId="43">
</dataflow>
<dataflow id="182" from="p_str1" to="StgValue_43" fromId="158" toId="43">
</dataflow>
<dataflow id="183" from="StgValue_155" to="StgValue_43" fromId="155" toId="43">
</dataflow>
<dataflow id="184" from="StgValue_155" to="StgValue_43" fromId="155" toId="43">
</dataflow>
<dataflow id="185" from="StgValue_155" to="StgValue_43" fromId="155" toId="43">
</dataflow>
<dataflow id="186" from="StgValue_155" to="StgValue_43" fromId="155" toId="43">
</dataflow>
<dataflow id="187" from="p_str1" to="StgValue_43" fromId="158" toId="43">
</dataflow>
<dataflow id="188" from="p_str1" to="StgValue_43" fromId="158" toId="43">
</dataflow>
<dataflow id="189" from="_ssdm_op_SpecInterface" to="StgValue_44" fromId="150" toId="44">
</dataflow>
<dataflow id="190" from="StgValue_155" to="StgValue_44" fromId="155" toId="44">
</dataflow>
<dataflow id="191" from="p_str" to="StgValue_44" fromId="153" toId="44">
</dataflow>
<dataflow id="192" from="StgValue_155" to="StgValue_44" fromId="155" toId="44">
</dataflow>
<dataflow id="193" from="StgValue_155" to="StgValue_44" fromId="155" toId="44">
</dataflow>
<dataflow id="194" from="p_str1" to="StgValue_44" fromId="158" toId="44">
</dataflow>
<dataflow id="195" from="StgValue_155" to="StgValue_44" fromId="155" toId="44">
</dataflow>
<dataflow id="196" from="StgValue_155" to="StgValue_44" fromId="155" toId="44">
</dataflow>
<dataflow id="197" from="p_str1" to="StgValue_44" fromId="158" toId="44">
</dataflow>
<dataflow id="198" from="p_str1" to="StgValue_44" fromId="158" toId="44">
</dataflow>
<dataflow id="199" from="p_str1" to="StgValue_44" fromId="158" toId="44">
</dataflow>
<dataflow id="200" from="StgValue_155" to="StgValue_44" fromId="155" toId="44">
</dataflow>
<dataflow id="201" from="StgValue_155" to="StgValue_44" fromId="155" toId="44">
</dataflow>
<dataflow id="202" from="StgValue_155" to="StgValue_44" fromId="155" toId="44">
</dataflow>
<dataflow id="203" from="StgValue_155" to="StgValue_44" fromId="155" toId="44">
</dataflow>
<dataflow id="204" from="p_str1" to="StgValue_44" fromId="158" toId="44">
</dataflow>
<dataflow id="205" from="p_str1" to="StgValue_44" fromId="158" toId="44">
</dataflow>
<dataflow id="206" from="out_p_V" to="out_p_V_load" fromId="68" toId="45">
</dataflow>
<dataflow id="208" from="_ssdm_op_BitConcatenate.i2.i1.i1" to="tmp1_demorgan" fromId="207" toId="46">
</dataflow>
<dataflow id="209" from="tmp_4_1" to="tmp1_demorgan" fromId="23" toId="46">
</dataflow>
<dataflow id="210" from="tmp_4" to="tmp1_demorgan" fromId="22" toId="46">
</dataflow>
<dataflow id="211" from="tmp1_demorgan" to="tmp1_demorgan_cast" fromId="46" toId="47">
</dataflow>
<dataflow id="212" from="tmp1_demorgan_cast" to="tmp1" fromId="47" toId="48">
</dataflow>
<dataflow id="214" from="StgValue_213" to="tmp1" fromId="213" toId="48">
</dataflow>
<dataflow id="215" from="out_p_V_load" to="tmp" fromId="45" toId="49">
</dataflow>
<dataflow id="216" from="tmp1" to="tmp" fromId="48" toId="49">
</dataflow>
<dataflow id="218" from="_ssdm_op_BitConcatenate.i6.i1.i1.i1.i1.i2" to="tmp2_demorgan" fromId="217" toId="50">
</dataflow>
<dataflow id="219" from="tmp_4_5" to="tmp2_demorgan" fromId="34" toId="50">
</dataflow>
<dataflow id="220" from="tmp_4_4" to="tmp2_demorgan" fromId="33" toId="50">
</dataflow>
<dataflow id="221" from="tmp_4_3" to="tmp2_demorgan" fromId="31" toId="50">
</dataflow>
<dataflow id="222" from="tmp_4_2" to="tmp2_demorgan" fromId="27" toId="50">
</dataflow>
<dataflow id="224" from="StgValue_223" to="tmp2_demorgan" fromId="223" toId="50">
</dataflow>
<dataflow id="225" from="tmp2_demorgan" to="tmp2" fromId="50" toId="51">
</dataflow>
<dataflow id="226" from="StgValue_213" to="tmp2" fromId="213" toId="51">
</dataflow>
<dataflow id="227" from="tmp" to="tmp_9_5" fromId="49" toId="52">
</dataflow>
<dataflow id="228" from="tmp2" to="tmp_9_5" fromId="51" toId="52">
</dataflow>
<dataflow id="229" from="tmp_2" to="p_tmp_9_5" fromId="35" toId="53">
</dataflow>
<dataflow id="230" from="StgValue_213" to="p_tmp_9_5" fromId="213" toId="53">
</dataflow>
<dataflow id="231" from="tmp_9_5" to="p_tmp_9_5" fromId="52" toId="53">
</dataflow>
<dataflow id="232" from="p_tmp_9_5" to="StgValue_54" fromId="53" toId="54">
</dataflow>
<dataflow id="233" from="out_p_V" to="StgValue_54" fromId="68" toId="54">
</dataflow>
<dataflow id="235" from="_ssdm_op_Write.ap_none.i6P" to="StgValue_55" fromId="234" toId="55">
</dataflow>
<dataflow id="236" from="out_V" to="StgValue_55" fromId="66" toId="55">
</dataflow>
<dataflow id="237" from="p_tmp_9_5" to="StgValue_55" fromId="53" toId="55">
</dataflow>
<dataflow id="238" from="tmp_2" to="StgValue_9" fromId="35" toId="9">
</dataflow>
</dataflows>


</stg>
