<?xml version="1.0"?>
<Runs Version="1" Minor="0">
	<Run Id="pwm_atoi_0_0_synth_1" LaunchDir="/home/brennan/Documents/pynq-copter/pynqcopter/pwm/pwm/pwm.runs/pwm_atoi_0_0_synth_1" FlowId="Vivado_Synthesis" FromStepId="vivado" ToStepId="vivado"/>
	<Run Id="pwm_xbar_0_synth_1" LaunchDir="/home/brennan/Documents/pynq-copter/pynqcopter/pwm/pwm/pwm.runs/pwm_xbar_0_synth_1" FlowId="Vivado_Synthesis" FromStepId="vivado" ToStepId="vivado"/>
	<Run Id="synth_1" LaunchDir="/home/brennan/Documents/pynq-copter/pynqcopter/pwm/pwm/pwm.runs/synth_1" FlowId="Vivado_Synthesis" FromStepId="vivado" ToStepId="vivado">
		<Parent Id="pwm_atoi_0_0_synth_1"/>
		<Parent Id="pwm_xbar_0_synth_1"/>
	</Run>
	<Run Id="impl_1" LaunchDir="/home/brennan/Documents/pynq-copter/pynqcopter/pwm/pwm/pwm.runs/impl_1" FlowId="Vivado_Implementation" FromStepId="init_design" ToStepId="write_bitstream">
		<Parent Id="synth_1"/>
		<Parent Id="pwm_atoi_0_0_synth_1"/>
		<Parent Id="pwm_xbar_0_synth_1"/>
	</Run>
</Runs>

