<?xml version="1.0"?>
<Runs Version="1" Minor="0">
	<Run Id="pwm_pwm_0_0_synth_1" LaunchDir="/home/brennan/Documents/pynq-copter/pynqcopter/pwm/pwm/pwm.runs/pwm_pwm_0_0_synth_1" FlowId="Vivado_Synthesis" FromStepId="vivado" ToStepId="vivado"/>
	<Run Id="pwm_processing_system7_0_0_synth_1" LaunchDir="/home/brennan/Documents/pynq-copter/pynqcopter/pwm/pwm/pwm.runs/pwm_processing_system7_0_0_synth_1" FlowId="Vivado_Synthesis" FromStepId="vivado" ToStepId="vivado"/>
	<Run Id="pwm_rst_ps7_0_100M_0_synth_1" LaunchDir="/home/brennan/Documents/pynq-copter/pynqcopter/pwm/pwm/pwm.runs/pwm_rst_ps7_0_100M_0_synth_1" FlowId="Vivado_Synthesis" FromStepId="vivado" ToStepId="vivado"/>
	<Run Id="pwm_xlconcat_0_0_synth_1" LaunchDir="/home/brennan/Documents/pynq-copter/pynqcopter/pwm/pwm/pwm.runs/pwm_xlconcat_0_0_synth_1" FlowId="Vivado_Synthesis" FromStepId="vivado" ToStepId="vivado"/>
	<Run Id="pwm_xlconstant_0_0_synth_1" LaunchDir="/home/brennan/Documents/pynq-copter/pynqcopter/pwm/pwm/pwm.runs/pwm_xlconstant_0_0_synth_1" FlowId="Vivado_Synthesis" FromStepId="vivado" ToStepId="vivado"/>
	<Run Id="pwm_auto_pc_0_synth_1" LaunchDir="/home/brennan/Documents/pynq-copter/pynqcopter/pwm/pwm/pwm.runs/pwm_auto_pc_0_synth_1" FlowId="Vivado_Synthesis" FromStepId="vivado" ToStepId="vivado"/>
	<Run Id="pwm_wire_distributor_0_0_synth_1" LaunchDir="/home/brennan/Documents/pynq-copter/pynqcopter/pwm/pwm/pwm.runs/pwm_wire_distributor_0_0_synth_1" FlowId="Vivado_Synthesis" FromStepId="vivado" ToStepId="vivado"/>
	<Run Id="synth_1" LaunchDir="/home/brennan/Documents/pynq-copter/pynqcopter/pwm/pwm/pwm.runs/synth_1" FlowId="Vivado_Synthesis" FromStepId="vivado" ToStepId="vivado">
		<Parent Id="pwm_pwm_0_0_synth_1"/>
		<Parent Id="pwm_processing_system7_0_0_synth_1"/>
		<Parent Id="pwm_rst_ps7_0_100M_0_synth_1"/>
		<Parent Id="pwm_xlconcat_0_0_synth_1"/>
		<Parent Id="pwm_xlconstant_0_0_synth_1"/>
		<Parent Id="pwm_auto_pc_0_synth_1"/>
		<Parent Id="pwm_wire_distributor_0_0_synth_1"/>
	</Run>
	<Run Id="impl_1" LaunchDir="/home/brennan/Documents/pynq-copter/pynqcopter/pwm/pwm/pwm.runs/impl_1" FlowId="Vivado_Implementation" FromStepId="init_design" ToStepId="write_bitstream">
		<Parent Id="synth_1"/>
		<Parent Id="pwm_pwm_0_0_synth_1"/>
		<Parent Id="pwm_processing_system7_0_0_synth_1"/>
		<Parent Id="pwm_rst_ps7_0_100M_0_synth_1"/>
		<Parent Id="pwm_xlconcat_0_0_synth_1"/>
		<Parent Id="pwm_xlconstant_0_0_synth_1"/>
		<Parent Id="pwm_auto_pc_0_synth_1"/>
		<Parent Id="pwm_wire_distributor_0_0_synth_1"/>
	</Run>
</Runs>

