<?xml version="1.0" encoding="UTF-8"?>
<GenRun Id="hex_plIntrController_0_synth_1" LaunchPart="xc7z020clg400-1" LaunchTime="1532085836">
  <File Type="VDS-TIMING-PB" Name="hex_plIntrController_0_timing_summary_synth.pb"/>
  <File Type="VDS-TIMINGSUMMARY" Name="hex_plIntrController_0_timing_summary_synth.rpt"/>
  <File Type="RDS-DCP" Name="hex_plIntrController_0.dcp"/>
  <File Type="REPORTS-TCL" Name="hex_plIntrController_0_reports.tcl"/>
  <File Type="PA-TCL" Name="hex_plIntrController_0.tcl"/>
  <File Type="RDS-RDS" Name="hex_plIntrController_0.vds"/>
  <File Type="RDS-PROPCONSTRS" Name="hex_plIntrController_0_drc_synth.rpt"/>
  <File Type="RDS-UTIL" Name="hex_plIntrController_0_utilization_synth.rpt"/>
  <File Type="RDS-UTIL-PB" Name="hex_plIntrController_0_utilization_synth.pb"/>
  <FileSet Name="sources" Type="BlockSrcs" RelSrcDir="$PSRCDIR/hex_plIntrController_0">
    <File Path="$PSRCDIR/sources_1/bd/hex/ip/hex_plIntrController_0/hex_plIntrController_0.xci">
      <FileInfo>
        <Attr Name="UsedIn" Val="synthesis"/>
        <Attr Name="UsedIn" Val="implementation"/>
        <Attr Name="UsedIn" Val="simulation"/>
      </FileInfo>
    </File>
    <Config>
      <Option Name="TopModule" Val="hex_plIntrController_0"/>
      <Option Name="UseBlackboxStub" Val="1"/>
    </Config>
  </FileSet>
  <FileSet Name="constrs_in" Type="BlockSrcs" RelSrcDir="$PSRCDIR/hex_plIntrController_0">
    <File Path="$PSRCDIR/sources_1/bd/hex/ip/hex_plIntrController_0/hex_plIntrController_0.xci">
      <FileInfo>
        <Attr Name="UsedIn" Val="synthesis"/>
        <Attr Name="UsedIn" Val="implementation"/>
        <Attr Name="UsedIn" Val="simulation"/>
      </FileInfo>
    </File>
    <Config>
      <Option Name="TopModule" Val="hex_plIntrController_0"/>
      <Option Name="UseBlackboxStub" Val="1"/>
    </Config>
  </FileSet>
  <Strategy Version="1" Minor="2">
    <StratHandle Name="Vivado Synthesis Defaults" Flow="Vivado Synthesis 2017">
      <Desc>Vivado Synthesis Defaults</Desc>
    </StratHandle>
    <Step Id="synth_design"/>
  </Strategy>
</GenRun>
